_id,SCHOOL_TYPE,BOARD_NAME,geometry
1,PR,None,"c(-79.267103936897, 43.7320819460129)"
2,PR,None,"c(-79.323156147744, 43.770053062482)"
3,PR,None,"c(-79.3252164120635, 43.774082570705)"
4,EP,Toronto District School Board,"c(-79.3665552934095, 43.8052613014219)"
5,PR,None,"c(-79.3190099774403, 43.725432232812)"
6,PR,None,"c(-79.2621633018006, 43.7514534548585)"
7,PR,None,"c(-79.5412901930194, 43.6339646127929)"
8,FP,Conseil scolaire Viamonde,"c(-79.1797652166975, 43.7624188078436)"
9,PR,None,"c(-79.4005055525118, 43.7651862818454)"
10,PR,None,"c(-79.5319897329647, 43.644824255422)"
11,PR,None,"c(-79.3344738933022, 43.8041514841863)"
12,PR,None,"c(-79.3475085093383, 43.750732060267)"
13,EP,Toronto District School Board,"c(-79.2884878925608, 43.6831518038006)"
14,PR,None,"c(-79.4664451058379, 43.7626893702758)"
15,EP,Toronto District School Board,"c(-79.4882606578029, 43.7454243556118)"
16,PR,None,"c(-79.1995461417982, 43.8090844901631)"
17,EP,Toronto District School Board,"c(-79.2789099586918, 43.7888738444071)"
18,PR,None,"c(-79.2636771200357, 43.8092576481457)"
19,EP,Toronto District School Board,"c(-79.2811623057309, 43.7882592158345)"
20,PR,None,"c(-79.2787041824473, 43.7864432730251)"
21,EP,Toronto District School Board,"c(-79.2785533935458, 43.819268975669)"
22,PR,None,"c(-79.4544695238304, 43.6533088679897)"
23,PR,None,"c(-79.2365750799133, 43.8015539474172)"
24,PR,None,"c(-79.2484031068229, 43.777941595248)"
25,PR,None,"c(-79.5785365341563, 43.7109597265285)"
26,PR,None,"c(-79.270651634897, 43.7874691720053)"
27,PR,None,"c(-79.3477301743604, 43.7532181809796)"
28,PR,None,"c(-79.3326615935038, 43.8036813180512)"
29,PR,None,"c(-79.5692116239686, 43.7148769185254)"
30,EP,Toronto District School Board,"c(-79.272424472942, 43.8092625383141)"
31,EP,Toronto District School Board,"c(-79.5943154958931, 43.7313882639787)"
32,EP,Toronto District School Board,"c(-79.5846021379965, 43.7417625405401)"
33,PR,None,"c(-79.4261936575198, 43.7954965800332)"
34,EP,Toronto District School Board,"c(-79.4288472631571, 43.6460212506421)"
35,EP,Toronto District School Board,"c(-79.2076059405385, 43.8116563251017)"
36,EP,Toronto District School Board,"c(-79.2856134903058, 43.809109322683)"
37,PR,None,"c(-79.2949212969799, 43.7621567551346)"
38,PR,None,"c(-79.2464970220292, 43.7791840973881)"
39,ES,Toronto Catholic District School Board,"c(-79.5270811217707, 43.6852216298202)"
40,EP,Toronto District School Board,"c(-79.4127877318278, 43.7094356428595)"
41,PR,None,"c(-79.2204196021519, 43.7603212832081)"
42,EP,Toronto District School Board,"c(-79.3982225847432, 43.6457220331711)"
43,EP,Toronto District School Board,"c(-79.4367968963581, 43.65924610796)"
44,PR,None,"c(-79.418932071581, 43.7916222612949)"
45,PR,None,"c(-79.2270980416162, 43.7601291638765)"
46,PR,None,"c(-79.314609135376, 43.7177128215758)"
47,EP,Toronto District School Board,"c(-79.2547962816571, 43.766645247168)"
48,EP,Toronto District School Board,"c(-79.1902392505261, 43.8084816562815)"
49,PR,None,"c(-79.5945953168473, 43.7417121222243)"
50,PR,None,"c(-79.2838287540102, 43.7411259867154)"
51,PR,None,"c(-79.3340562370886, 43.8089116210937)"
52,EP,Toronto District School Board,"c(-79.4932822327979, 43.7084286282992)"
53,EP,Toronto District School Board,"c(-79.4669926271694, 43.732866171726)"
54,EP,Toronto District School Board,"c(-79.4728312797592, 43.6614231859019)"
55,ES,Toronto Catholic District School Board,"c(-79.3210503278597, 43.7531144810912)"
56,EP,Toronto District School Board,"c(-79.2411154201694, 43.7261289165667)"
57,EP,Toronto District School Board,"c(-79.2615613356444, 43.8042919764275)"
58,PR,None,"c(-79.4147111812657, 43.7778165673411)"
59,PR,None,"c(-79.339894533813, 43.7871960727024)"
60,EP,Toronto District School Board,"c(-79.3557094447754, 43.8094863867353)"
61,PR,None,"c(-79.3449506415866, 43.7029584141068)"
62,PR,None,"c(-79.3984878978841, 43.7639158093321)"
63,EP,Toronto District School Board,"c(-79.4195222787578, 43.7409100432478)"
64,PR,None,"c(-79.4057974161555, 43.6854893204605)"
65,PR,None,"c(-79.4056854013319, 43.6855028020622)"
66,PR,None,"c(-79.4342526359219, 43.7314993952097)"
67,PR,None,"c(-79.4384699547393, 43.7753161015838)"
68,PR,None,"c(-79.297325301116, 43.6704133895472)"
69,EP,Toronto District School Board,"c(-79.4000020943236, 43.7596784143197)"
70,EP,Toronto District School Board,"c(-79.4118431542439, 43.7863065106423)"
71,EP,Toronto District School Board,"c(-79.4000020943236, 43.7596784143197)"
72,PR,None,"c(-79.4174202535642, 43.7259898430287)"
73,PR,None,"c(-79.4774419814072, 43.7607082264476)"
74,PR,None,"c(-79.4330769430682, 43.7311158004386)"
75,PR,None,"c(-79.431869443854, 43.721429256651)"
76,PR,None,"c(-79.2781378251157, 43.6937302131784)"
77,EP,Toronto District School Board,"c(-79.4990122716087, 43.6894622237887)"
78,PR,None,"c(-79.4546890976067, 43.6875353134585)"
79,EP,Toronto District School Board,"c(-79.289826941499, 43.6764359194877)"
80,PR,None,"c(-79.4220900214957, 43.7340229971509)"
81,EP,Toronto District School Board,"c(-79.2798335039423, 43.8268714163484)"
82,PR,None,"c(-79.3418613934873, 43.779729054192)"
83,EP,Toronto District School Board,"c(-79.4442515073691, 43.7266057772143)"
84,PR,None,"c(-79.3518336805625, 43.7590325568427)"
85,EP,Toronto District School Board,"c(-79.3852946788356, 43.7762622265316)"
86,EP,Toronto District School Board,"c(-79.2991278839731, 43.6826199722785)"
87,PR,None,"c(-79.300828064662, 43.6835603974233)"
88,EP,Toronto District School Board,"c(-79.5747551861525, 43.7426035565314)"
89,EP,Toronto District School Board,"c(-79.4002783723743, 43.7277982581742)"
90,PR,None,"c(-79.4954821417463, 43.6281819609662)"
91,PR,None,"c(-79.2496002393537, 43.7553058764084)"
92,EP,Toronto District School Board,"c(-79.23514687523, 43.7719692863916)"
93,EP,Toronto District School Board,"c(-79.2150687264433, 43.7751558784252)"
94,EP,Toronto District School Board,"c(-79.2448802576444, 43.7625671183697)"
95,EP,Toronto District School Board,"c(-79.3687780820258, 43.6939854007409)"
96,PR,None,"c(-79.4168605979594, 43.7827541057168)"
97,EP,Toronto District School Board,"c(-79.2211413058912, 43.8014341079073)"
98,EP,Toronto District School Board,"c(-79.3701352031944, 43.7072147378542)"
99,PR,None,"c(-79.4237607656785, 43.7207940844222)"
100,PR,None,"c(-79.2947427602857, 43.8194042587414)"
101,PR,None,"c(-79.2496002393537, 43.7553058764084)"
102,EP,Toronto District School Board,"c(-79.5047717197305, 43.7330245969924)"
103,EP,Toronto District School Board,"c(-79.3957051033565, 43.6557652368658)"
104,EP,Toronto District School Board,"c(-79.3230676298928, 43.7986530998679)"
105,PR,None,"c(-79.428122887706, 43.7107064288581)"
106,EP,Toronto District School Board,"c(-79.259816624788, 43.7017413937537)"
107,EP,Toronto District School Board,"c(-79.2655686242961, 43.6919887241508)"
108,PR,None,"c(-79.4440107260137, 43.7840867068011)"
109,EP,Toronto District School Board,"c(-79.2594545253619, 43.697753029491)"
110,ES,Toronto Catholic District School Board,"c(-79.5044646880695, 43.6344279205779)"
111,ES,Toronto Catholic District School Board,"c(-79.3944968858206, 43.6394568233632)"
112,ES,Toronto Catholic District School Board,"c(-79.4518077136626, 43.655857833558)"
113,PR,None,"c(-79.4093249176371, 43.690345107705)"
114,EP,Toronto District School Board,"c(-79.5268106869839, 43.7711639591637)"
115,EP,Toronto District School Board,"c(-79.3384762500832, 43.6718063689636)"
116,EP,Toronto District School Board,"c(-79.2838646531108, 43.6851000843951)"
117,EP,Toronto District School Board,"c(-79.4862561391138, 43.735357222836)"
118,ES,Toronto Catholic District School Board,"c(-79.5079140443714, 43.7436724724678)"
119,ES,Toronto Catholic District School Board,"c(-79.2327375191257, 43.8298752034525)"
120,ES,Toronto Catholic District School Board,"c(-79.4577930288278, 43.6740129018064)"
121,ES,Toronto Catholic District School Board,"c(-79.4039975153705, 43.7274816103799)"
122,ES,Toronto Catholic District School Board,"c(-79.391826199989, 43.7868975436176)"
123,EP,Toronto District School Board,"c(-79.2256018786147, 43.732648962951)"
124,EP,Toronto District School Board,"c(-79.4367968963581, 43.65924610796)"
125,EP,Toronto District School Board,"c(-79.5719465300651, 43.6391456489153)"
126,EP,Toronto District School Board,"c(-79.5556754935908, 43.6376529320238)"
127,PR,None,"c(-79.2756210517415, 43.7866780963874)"
128,PR,None,"c(-79.4750974058962, 43.7476137521075)"
129,PR,None,"c(-79.4865438361652, 43.6476318294668)"
130,PR,None,"c(-79.4005921361057, 43.7160130809748)"
131,PR,None,"c(-79.3867163432161, 43.6682745249205)"
132,EP,Toronto District School Board,"c(-79.3895057084414, 43.7199314988808)"
133,PR,None,"c(-79.4382145878534, 43.7582180659533)"
134,PR,None,"c(-79.4288203417634, 43.7165295830243)"
135,PR,None,"c(-79.4365869259905, 43.7464156653035)"
136,FS,Conseil scolaire de district catholique Centre-Sud,"c(-79.3366206236931, 43.6725640377998)"
137,PR,None,"c(-79.2903117142674, 43.756523216951)"
138,EP,Toronto District School Board,"c(-79.3144917153579, 43.676063664796)"
139,EP,Toronto District School Board,"c(-79.5521137885613, 43.722227297768)"
140,EP,Toronto District School Board,"c(-79.5488638133372, 43.7280298273892)"
141,PR,None,"c(-79.3975131902069, 43.6581269361942)"
142,PR,None,"c(-79.3798154376982, 43.675062372312)"
143,ES,Toronto Catholic District School Board,"c(-79.4026251522927, 43.8002282400109)"
144,EP,Toronto District School Board,"c(-79.331933544035, 43.7824531904325)"
145,EP,Toronto District School Board,"c(-79.5800752804407, 43.6664657716455)"
146,EP,Toronto District School Board,"c(-79.3150953883817, 43.7807962711677)"
147,PR,None,"c(-79.4682899064453, 43.7732445761783)"
148,PR,None,"c(-79.3470100130127, 43.7393068510598)"
149,EP,Toronto District School Board,"c(-79.2740896574429, 43.8116998848004)"
150,EP,Toronto District School Board,"c(-79.5720207319543, 43.6480667176351)"
151,EP,Toronto District School Board,"c(-79.316462271329, 43.7457277227854)"
152,EP,Toronto District School Board,"c(-79.4378441314772, 43.6530496924269)"
153,EP,Toronto District School Board,"c(-79.4956943989555, 43.7025063022277)"
154,PR,None,"c(-79.3586470250663, 43.7593992803488)"
155,EP,Toronto District School Board,"c(-79.3148680045935, 43.80122038284)"
156,EP,Toronto District School Board,"c(-79.2338532994675, 43.8303652064155)"
157,EP,Toronto District School Board,"c(-79.5172466551502, 43.7674572380872)"
158,EP,Toronto District School Board,"c(-79.5172466551502, 43.7674572380872)"
159,EP,Toronto District School Board,"c(-79.4013122747142, 43.6849129181957)"
160,EP,Toronto District School Board,"c(-79.3333360558731, 43.6610358159785)"
161,EP,Toronto District School Board,"c(-79.2999282686155, 43.7514123659806)"
162,EP,Toronto District School Board,"c(-79.5616948758766, 43.6491679256634)"
163,EP,Toronto District School Board,"c(-79.2288180080604, 43.792697960518)"
164,EP,Toronto District School Board,"c(-79.2661055358191, 43.784467159758)"
165,EP,Toronto District School Board,"c(-79.5129333966558, 43.7017214781638)"
166,EP,Toronto District School Board,"c(-79.4999125095246, 43.7582792583815)"
167,EP,Toronto District School Board,"c(-79.5035920382592, 43.7379061764681)"
168,EP,Toronto District School Board,"c(-79.421251554251, 43.7543606984639)"
169,PR,None,"c(-79.3506864852167, 43.7499003413721)"
170,PR,None,"c(-79.3421386188846, 43.8109545485955)"
171,PR,None,"c(-79.3955166823733, 43.7681894473727)"
172,PR,None,"c(-79.3006276774292, 43.8006429947089)"
173,PR,None,"c(-79.2882892370706, 43.7840565219055)"
174,ES,Toronto Catholic District School Board,"c(-79.3193386362478, 43.6981999203505)"
175,PR,None,"c(-79.2560647526698, 43.7859309725289)"
176,PR,None,"c(-79.551444275464, 43.7251340041367)"
177,PR,None,"c(-79.3308571752924, 43.7718171830808)"
178,ES,Toronto Catholic District School Board,"c(-79.4097615824432, 43.7640950103093)"
179,ES,Toronto Catholic District School Board,"c(-79.1754616226425, 43.7932879519401)"
180,PR,None,"c(-79.3935194605903, 43.6704891897759)"
181,EP,Toronto District School Board,"c(-79.4600288033669, 43.6723528079383)"
182,EP,Toronto District School Board,"c(-79.3289014753509, 43.7484250053493)"
183,EP,Toronto District School Board,"c(-79.5137942125371, 43.6305564879895)"
184,PR,None,"c(-79.5344853865386, 43.7523875173115)"
185,EP,Toronto District School Board,"c(-79.215050939271, 43.7458528095017)"
186,EP,Toronto District School Board,"c(-79.2259248559894, 43.7563408988376)"
187,EP,Toronto District School Board,"c(-79.2301927515264, 43.7472933923281)"
188,EP,Toronto District School Board,"c(-79.4302837269918, 43.696025486871)"
189,C,None,"c(-79.2897867296388, 43.7307013783081)"
190,C,None,"c(-79.3488606053088, 43.6846512620714)"
191,C,None,"c(-79.4761936970209, 43.7473823846262)"
192,C,None,"c(-79.2656557452645, 43.7522958988616)"
193,C,None,"c(-79.1929331612857, 43.7860239310755)"
194,C,None,"c(-79.2270264219067, 43.7852646605478)"
195,EP,Toronto District School Board,"c(-79.1500238078626, 43.7869622763272)"
196,EP,Toronto District School Board,"c(-79.422382771195, 43.7958512114194)"
197,EP,Toronto District School Board,"c(-79.5554889336889, 43.6790185578849)"
198,PR,None,"c(-79.4004166171823, 43.7666501469879)"
199,EP,Toronto District School Board,"c(-79.4085177947948, 43.6628382420106)"
200,EP,Toronto District School Board,"c(-79.4219986112882, 43.657978462827)"
201,PR,None,"c(-79.3355275145792, 43.7737288529858)"
202,EP,Toronto District School Board,"c(-79.5143927419889, 43.7271064323401)"
203,ES,Toronto Catholic District School Board,"c(-79.4960594579928, 43.7100909589739)"
204,EP,Toronto District School Board,"c(-79.475099515903, 43.6934344434159)"
205,EP,Toronto District School Board,"c(-79.4094836303214, 43.6485300830641)"
206,EP,Toronto District School Board,"c(-79.2605263117434, 43.7462850480666)"
207,EP,Toronto District School Board,"c(-79.4586302368016, 43.7674452465892)"
208,EP,Toronto District School Board,"c(-79.1422089559982, 43.7820702346732)"
209,EP,Toronto District School Board,"c(-79.2785043435939, 43.799988726269)"
210,EP,Toronto District School Board,"c(-79.338614744436, 43.7987627465793)"
211,EP,Toronto District School Board,"c(-79.3517099846563, 43.6876023807709)"
212,EP,Toronto District School Board,"c(-79.3310953374039, 43.7985877098575)"
213,EP,Toronto District School Board,"c(-79.1638346582217, 43.8027223090495)"
214,PR,None,"c(-79.3726675424564, 43.7123432679621)"
215,EP,Toronto District School Board,"c(-79.2417968940952, 43.7099825934536)"
216,EP,Toronto District School Board,"c(-79.3791781653545, 43.6636084257427)"
217,EP,Toronto District School Board,"c(-79.2243167892305, 43.7731919492023)"
218,EP,Toronto District School Board,"c(-79.4270361642829, 43.7707536046539)"
219,PR,None,"c(-79.3969906206407, 43.6984571170718)"
220,EP,Toronto District School Board,"c(-79.3600575652384, 43.674910857793)"
221,EP,Toronto District School Board,"c(-79.3971875912132, 43.6357488157646)"
222,EP,Toronto District School Board,"c(-79.4367221725004, 43.6485242370315)"
223,EP,Toronto District School Board,"c(-79.5653133253594, 43.6420235006072)"
224,EP,Toronto District School Board,"c(-79.5991007205673, 43.7480114029654)"
225,EP,Toronto District School Board,"c(-79.2962358879462, 43.7164767633036)"
226,EP,Toronto District School Board,"c(-79.4093736661307, 43.7657254741228)"
227,EP,Toronto District School Board,"c(-79.2503830440116, 43.7048959315468)"
228,EP,Toronto District School Board,"c(-79.360068599198, 43.8062920920724)"
229,PR,None,"c(-79.4118264156455, 43.7629316618948)"
230,EP,Toronto District School Board,"c(-79.4140575735688, 43.6576460735345)"
231,FP,Conseil scolaire Viamonde,"c(-79.3779069560556, 43.6624882444907)"
232,PR,None,"c(-79.2976272053742, 43.6937784318434)"
233,EP,Toronto District School Board,"c(-79.3903939018466, 43.6537657298722)"
234,EP,Toronto District School Board,"c(-79.4875854399739, 43.6790700932118)"
235,PR,None,"c(-79.4001883467897, 43.7642856622588)"
236,EP,Toronto District School Board,"c(-79.2180382189696, 43.7593925779675)"
237,PR,None,"c(-79.3495839854191, 43.7472875203276)"
238,PR,None,"c(-79.3942478548912, 43.6555691898054)"
239,EP,Toronto District School Board,"c(-79.2621597253873, 43.726485113649)"
240,EP,Toronto District School Board,"c(-79.3307746357026, 43.6940723030924)"
241,EP,Toronto District School Board,"c(-79.3956090079305, 43.6803794372321)"
242,EP,Toronto District School Board,"c(-79.2785659239745, 43.6793188262702)"
243,PR,None,"c(-79.4448017184925, 43.7717336302151)"
244,PR,None,"c(-79.3788961362062, 43.7329843672894)"
245,EP,Toronto District School Board,"c(-79.2924665101008, 43.6968367454986)"
246,EP,Toronto District School Board,"c(-79.3635402543448, 43.7972191365557)"
247,EP,Toronto District School Board,"c(-79.3598465997775, 43.7884321784152)"
248,PR,None,"c(-79.3781087027112, 43.7302622688409)"
249,PR,None,"c(-79.3247101026363, 43.7592930619254)"
250,PR,None,"c(-79.4121640119924, 43.7608163554222)"
251,PR,None,"c(-79.2541869690207, 43.7738965125051)"
252,EP,Toronto District School Board,"c(-79.4012761021226, 43.7882319564093)"
253,EP,Toronto District School Board,"c(-79.3116924407793, 43.6953964611984)"
254,EP,Toronto District School Board,"c(-79.401909850979, 43.6589530395299)"
255,EP,Toronto District School Board,"c(-79.3547553486122, 43.7771281264675)"
256,EP,Toronto District School Board,"c(-79.3340895606897, 43.6828387343202)"
257,EP,Toronto District School Board,"c(-79.270927399778, 43.7087670630065)"
258,EP,Toronto District School Board,"c(-79.300317184077, 43.6881927916153)"
259,ES,Toronto Catholic District School Board,"c(-79.4417054054556, 43.7286921824032)"
260,ES,Toronto Catholic District School Board,"c(-79.458369831568, 43.7100774151612)"
261,ES,Toronto Catholic District School Board,"c(-79.4429115844532, 43.6922556300161)"
262,PR,None,"c(-79.492494251779, 43.696224923991)"
263,PR,None,"c(-79.3400619835682, 43.8108486977288)"
264,EP,Toronto District School Board,"c(-79.2635699606227, 43.7556504979329)"
265,EP,Toronto District School Board,"c(-79.4888936625883, 43.6193332842276)"
266,EP,Toronto District School Board,"c(-79.3178860611438, 43.8091967088078)"
267,EP,Toronto District School Board,"c(-79.436702828382, 43.6910217034241)"
268,EP,Toronto District School Board,"c(-79.5469633014631, 43.7479469273564)"
269,PR,None,"c(-79.398395746995, 43.6822413491508)"
270,EP,Toronto District School Board,"c(-79.3915563848553, 43.689651951117)"
271,EP,Toronto District School Board,"c(-79.2784362332866, 43.8000076946308)"
272,PR,None,"c(-79.2838287540102, 43.7411259867154)"
273,EP,Toronto District School Board,"c(-79.4188437208257, 43.6586815852248)"
274,EP,Toronto District School Board,"c(-79.3642277250946, 43.7458394934387)"
275,EP,Toronto District School Board,"c(-79.4872863165976, 43.6844195398894)"
276,EP,Toronto District School Board,"c(-79.4937101803973, 43.7586899266831)"
277,EP,Toronto District School Board,"c(-79.4240544310152, 43.655675087264)"
278,EP,Toronto District School Board,"c(-79.3316401743941, 43.6950420299431)"
279,PR,None,"c(-79.402711046457, 43.6429994801774)"
280,EP,Toronto District School Board,"c(-79.5559776877569, 43.6850065948201)"
281,EP,Toronto District School Board,"c(-79.339277147401, 43.7359592881657)"
282,EP,Toronto District School Board,"c(-79.3477301743604, 43.7532181809796)"
283,EP,Toronto District School Board,"c(-79.3397470950251, 43.7363797020937)"
284,PR,None,"c(-79.4100958776361, 43.7561090602904)"
285,EP,Toronto District School Board,"c(-79.3549665618627, 43.7895329062794)"
286,EP,Toronto District School Board,"c(-79.3314383068706, 43.7641877197384)"
287,EP,Toronto District School Board,"c(-79.2628557598898, 43.7568459336361)"
288,EP,Toronto District School Board,"c(-79.2623651149549, 43.7569783122163)"
289,PR,None,"c(-79.3927129482938, 43.792088977234)"
290,EP,Toronto District School Board,"c(-79.2797350588123, 43.7501910914087)"
291,EP,Toronto District School Board,"c(-79.4357789540645, 43.666735610558)"
292,EP,Toronto District School Board,"c(-79.4824357959776, 43.7311138437024)"
293,EP,Toronto District School Board,"c(-79.4795174892873, 43.7308678403515)"
294,EP,Toronto District School Board,"c(-79.3704156513245, 43.6477361331853)"
295,EP,Toronto District School Board,"c(-79.2248218322885, 43.8036860800068)"
296,EP,Toronto District School Board,"c(-79.3194284089425, 43.8121621401057)"
297,EP,Toronto District School Board,"c(-79.421213687216, 43.7869814732506)"
298,EP,Toronto District School Board,"c(-79.5150042552815, 43.7629711864463)"
299,EP,Toronto District School Board,"c(-79.4470247426388, 43.7491483093568)"
300,PR,None,"c(-79.4100958776361, 43.7561090602904)"
301,EP,Toronto District School Board,"c(-79.3219578466597, 43.6661955194459)"
302,EP,Toronto District School Board,"c(-79.3486863276324, 43.6620777465508)"
303,EP,Toronto District School Board,"c(-79.3703573292119, 43.7624594249816)"
304,EP,Toronto District School Board,"c(-79.3213456307331, 43.6860684583807)"
305,EP,Toronto District School Board,"c(-79.3405244209135, 43.6768438820104)"
306,EP,Toronto District School Board,"c(-79.3212504675318, 43.6813314530514)"
307,EP,Toronto District School Board,"c(-79.4059659483565, 43.7696090327771)"
308,PR,None,"c(-79.3320477548182, 43.7923181699906)"
309,EP,Toronto District School Board,"c(-79.3384762500832, 43.6718063689636)"
310,EP,Toronto District School Board,"c(-79.3252956395229, 43.6949913553145)"
311,EP,Toronto District School Board,"c(-79.3275764481259, 43.6949906148821)"
312,EP,Toronto District School Board,"c(-79.3488189225485, 43.6659265701789)"
313,EP,Toronto District School Board,"c(-79.1912804405348, 43.7589633617233)"
314,EP,Toronto District School Board,"c(-79.5666150696602, 43.6378407814724)"
315,FP,Conseil scolaire Viamonde,"c(-79.4553496275608, 43.6676736698194)"
316,FP,Conseil scolaire Viamonde,"c(-79.561445634234, 43.6896931229899)"
317,FP,Conseil scolaire Viamonde,"c(-79.3723195931078, 43.6565828383347)"
318,FP,Conseil scolaire Viamonde,"c(-79.3214945673811, 43.7344967726022)"
319,FP,Conseil scolaire Viamonde,"c(-79.3305349885319, 43.6873304546484)"
320,FP,Conseil scolaire Viamonde,"c(-79.2774220664012, 43.8224626055717)"
321,FP,Conseil scolaire Viamonde,"c(-79.4755347034249, 43.7178279267229)"
322,FP,Conseil scolaire Viamonde,"c(-79.5437809919911, 43.5902188648384)"
323,FP,Conseil scolaire Viamonde,"c(-79.367340385707, 43.7919518364679)"
324,FP,Conseil scolaire Viamonde,"c(-79.4140974855289, 43.6519910390116)"
325,FP,Conseil scolaire Viamonde,"c(-79.3715932541458, 43.7522122438944)"
326,FP,Conseil scolaire Viamonde,"c(-79.4412354246502, 43.6523836303418)"
327,EP,Toronto District School Board,"c(-79.2658120339035, 43.7663054576185)"
328,EP,Toronto District School Board,"c(-79.3908468303168, 43.7079037464755)"
329,ES,Toronto Catholic District School Board,"c(-79.3958997214891, 43.7076209683648)"
330,PR,None,"c(-79.4444041191915, 43.7838105185277)"
331,EP,Toronto District School Board,"c(-79.4984583080641, 43.7537993176252)"
332,PR,None,"c(-79.3322488674553, 43.7721013757365)"
333,PR,None,"c(-79.3407937524465, 43.8062363626579)"
334,PR,None,"c(-79.411028387113, 43.7604737560208)"
335,EP,Toronto District School Board,"c(-79.2060348701063, 43.7381519615688)"
336,EP,Toronto District School Board,"c(-79.3800624355928, 43.7712153929829)"
337,PR,None,"c(-79.3074321385782, 43.7585968747034)"
338,EP,Toronto District School Board,"c(-79.2875719983282, 43.7636236123759)"
339,PR,None,"c(-79.2843535492332, 43.7802704270201)"
340,EP,Toronto District School Board,"c(-79.5900470677447, 43.7365019019057)"
341,EP,Toronto District School Board,"c(-79.5498701970545, 43.7159386194401)"
342,PR,None,"c(-79.4107729639397, 43.7636049969129)"
343,EP,Toronto District School Board,"c(-79.5395569845548, 43.7487227091093)"
344,EP,Toronto District School Board,"c(-79.5395569845548, 43.7487227091093)"
345,EP,Toronto District School Board,"c(-79.2069358552156, 43.8050223865269)"
346,PR,None,"c(-79.2801611624361, 43.7704172493747)"
347,ES,Toronto Catholic District School Board,"c(-79.3289402460095, 43.7989580963277)"
348,EP,Toronto District School Board,"c(-79.3230764862029, 43.6738732738778)"
349,EP,Toronto District School Board,"c(-79.3373825688455, 43.791415465113)"
350,PR,None,"c(-79.4799888562353, 43.6500081301117)"
351,EP,Toronto District School Board,"c(-79.4223654834763, 43.6682357494066)"
352,EP,Toronto District School Board,"c(-79.4896844559483, 43.63561874071)"
353,EP,Toronto District School Board,"c(-79.522296213866, 43.6500842008403)"
354,EP,Toronto District School Board,"c(-79.5041485169903, 43.6307322050172)"
355,EP,Toronto District School Board,"c(-79.551276113705, 43.6338578460427)"
356,PR,None,"c(-79.2578080336662, 43.7921385076532)"
357,PR,None,"c(-79.3418182907199, 43.8045122985566)"
358,EP,Toronto District School Board,"c(-79.458898094007, 43.6840057733305)"
359,EP,Toronto District School Board,"c(-79.4554057013447, 43.6917032417799)"
360,EP,Toronto District School Board,"c(-79.4490892289333, 43.6942876649058)"
361,EP,Toronto District School Board,"c(-79.3222381903671, 43.7849363770968)"
362,EP,Toronto District School Board,"c(-79.2308941806286, 43.7197580924624)"
363,ES,Toronto Catholic District School Board,"c(-79.5922999387415, 43.7357651008297)"
364,ES,Toronto Catholic District School Board,"c(-79.5165387692932, 43.5951413486312)"
365,ES,Toronto Catholic District School Board,"c(-79.5370181385566, 43.685944240933)"
366,EP,Toronto District School Board,"c(-79.4466973349755, 43.7398550354918)"
367,EP,Toronto District School Board,"c(-79.3291265799904, 43.7645805189835)"
368,EP,Toronto District School Board,"c(-79.4461128419154, 43.6451803159495)"
369,PR,None,"c(-79.4533841407934, 43.7118733583738)"
370,PR,None,"c(-79.4533841407934, 43.7118733583738)"
371,ES,Toronto Catholic District School Board,"c(-79.3145480169773, 43.7973188309921)"
372,EP,Toronto District School Board,"c(-79.3949742011282, 43.7838330777765)"
373,PR,None,"c(-79.4599510670699, 43.6653686112315)"
374,EP,Toronto District School Board,"c(-79.519910862165, 43.7520008914053)"
375,EP,Toronto District School Board,"c(-79.4411616324684, 43.784556440757)"
376,EP,Toronto District School Board,"c(-79.2033845823469, 43.8154347835423)"
377,EP,Toronto District School Board,"c(-79.4444540037633, 43.7200875786734)"
378,PR,None,"c(-79.4125902970779, 43.689246396459)"
379,EP,Toronto District School Board,"c(-79.4213427841136, 43.7030582555106)"
380,EP,Toronto District School Board,"c(-79.4139385899, 43.6953762569543)"
381,PR,None,"c(-79.4296182190415, 43.7234193195463)"
382,EP,Toronto District School Board,"c(-79.3430668038294, 43.7710427399232)"
383,ES,Toronto Catholic District School Board,"c(-79.2743078384998, 43.8073923412217)"
384,EP,Toronto District School Board,"c(-79.4887542282147, 43.677512419216)"
385,EP,Toronto District School Board,"c(-79.3496800848427, 43.6771506675787)"
386,EP,Toronto District School Board,"c(-79.3435512383368, 43.7055777504935)"
387,EP,Toronto District School Board,"c(-79.1966222950893, 43.7650173036954)"
388,PR,None,"c(-79.5177020187154, 43.7010253821952)"
389,EP,Toronto District School Board,"c(-79.4491237018998, 43.6432001067781)"
390,EP,Toronto District School Board,"c(-79.3310091533195, 43.7117262234356)"
391,EP,Toronto District School Board,"c(-79.2745902135289, 43.7185070990624)"
392,EP,Toronto District School Board,"c(-79.2795776619808, 43.7456867654999)"
393,EP,Toronto District School Board,"c(-79.4640229792623, 43.6789306711569)"
394,EP,Toronto District School Board,"c(-79.4789480608335, 43.7054535329767)"
395,EP,Toronto District School Board,"c(-79.2081104450894, 43.7711994113319)"
396,C,None,"c(-79.411045415915, 43.6760123431155)"
397,C,None,"c(-79.3701856494981, 43.651100464219)"
398,C,None,"c(-79.365469492592, 43.6439387824491)"
399,C,None,"c(-79.357458675327, 43.6508509258333)"
400,EP,Toronto District School Board,"c(-79.473699193678, 43.6845465069876)"
401,EP,Toronto District School Board,"c(-79.2119939725128, 43.7393273081079)"
402,EP,Toronto District School Board,"c(-79.2936351945354, 43.7382584753535)"
403,EP,Toronto District School Board,"c(-79.498405687125, 43.6205662675783)"
404,EP,Toronto District School Board,"c(-79.3399200284936, 43.7643599636777)"
405,EP,Toronto District School Board,"c(-79.491126770757, 43.6692513829928)"
406,EP,Toronto District School Board,"c(-79.299760623825, 43.7010488988453)"
407,FS,Conseil scolaire de district catholique Centre-Sud,"c(-79.3194731119597, 43.6779038853844)"
408,EP,Toronto District School Board,"c(-79.3509063859672, 43.7831172284439)"
409,PR,None,"c(-79.2901496153717, 43.8035730836044)"
410,EP,Toronto District School Board,"c(-79.4175842923766, 43.6464076573477)"
411,EP,Toronto District School Board,"c(-79.2895538318113, 43.7713003109162)"
412,EP,Toronto District School Board,"c(-79.3092864659493, 43.6875483306854)"
413,EP,Toronto District School Board,"c(-79.2984421909583, 43.6741488615009)"
414,PR,None,"c(-79.4255563106731, 43.7396053552602)"
415,EP,Toronto District School Board,"c(-79.4357473261606, 43.7132238247354)"
416,EP,Toronto District School Board,"c(-79.2540589454282, 43.7382246272196)"
417,EP,Toronto District School Board,"c(-79.409524700301, 43.7199764434722)"
418,PR,None,"c(-79.3313166635542, 43.7733946594592)"
419,EP,Toronto District School Board,"c(-79.2168876729568, 43.7639036098219)"
420,EP,Toronto District School Board,"c(-79.3053702914276, 43.707534131345)"
421,EP,Toronto District School Board,"c(-79.5213241884271, 43.7643184871585)"
422,EP,Toronto District School Board,"c(-79.5618421120233, 43.753197538015)"
423,EP,Toronto District School Board,"c(-79.4914064041562, 43.709018391832)"
424,PR,None,"c(-79.3735038314655, 43.6841753785021)"
425,PR,None,"c(-79.5235044284901, 43.6459279385559)"
426,PR,None,"c(-79.3990835234054, 43.7071575757632)"
427,PR,None,"c(-79.4101604913495, 43.7613374700342)"
428,EP,Toronto District School Board,"c(-79.582908112082, 43.7350715355536)"
429,EP,Toronto District School Board,"c(-79.3385329307779, 43.7336070379667)"
430,PR,None,"c(-79.3864431221216, 43.7002552401582)"
431,EP,Toronto District School Board,"c(-79.3340895606897, 43.6828387343202)"
432,EP,Toronto District School Board,"c(-79.3327597513647, 43.7154310882437)"
433,EP,Toronto District School Board,"c(-79.2133003232257, 43.8039892965967)"
434,EP,Toronto District School Board,"c(-79.1999866837748, 43.7508210711606)"
435,EP,Toronto District School Board,"c(-79.5420098021244, 43.7390779789322)"
436,EP,Toronto District School Board,"c(-79.2317360671938, 43.7276495960022)"
437,EP,Toronto District School Board,"c(-79.5202286163034, 43.7023994674705)"
438,EP,Toronto District School Board,"c(-79.4142666153396, 43.6612895164804)"
439,EP,Toronto District School Board,"c(-79.3773086129257, 43.7573684747214)"
440,EP,Toronto District School Board,"c(-79.4784124771008, 43.6761859127687)"
441,PR,None,"c(-79.4137176064613, 43.7203577469251)"
442,PR,None,"c(-79.3547814075086, 43.7515555826202)"
443,EP,Toronto District School Board,"c(-79.4223654834763, 43.6682357494066)"
444,EP,Toronto District School Board,"c(-79.2150687264433, 43.7751558784252)"
445,EP,Toronto District School Board,"c(-79.2144673665189, 43.7777371786683)"
446,EP,Toronto District School Board,"c(-79.2770232222959, 43.7988176895396)"
447,PR,None,"c(-79.3449026345276, 43.8077667469062)"
448,EP,Toronto District School Board,"c(-79.207720158593, 43.8213508850921)"
449,EP,Toronto District School Board,"c(-79.394534752422, 43.6549646089495)"
450,EP,Toronto District School Board,"c(-79.4728312797592, 43.6614231859019)"
451,PR,None,"c(-79.4573915228873, 43.6486406468332)"
452,EP,Toronto District School Board,"c(-79.2124956285055, 43.7867616021878)"
453,PR,None,"c(-79.1952702683724, 43.8056644948625)"
454,EP,Toronto District School Board,"c(-79.5891451714213, 43.7458920486043)"
455,EP,Toronto District School Board,"c(-79.1784462927192, 43.7835009010173)"
456,EP,Toronto District School Board,"c(-79.3002623454523, 43.7944199052402)"
457,EP,Toronto District School Board,"c(-79.3554480856806, 43.8068603785032)"
458,EP,Toronto District School Board,"c(-79.4972302699958, 43.7219510502744)"
459,EP,Toronto District School Board,"c(-79.4158447800033, 43.6790424542588)"
460,EP,Toronto District School Board,"c(-79.3507265117258, 43.7994075938642)"
461,EP,Toronto District School Board,"c(-79.1790367956113, 43.8276689812907)"
462,EP,Toronto District School Board,"c(-79.53306700719, 43.6894627380415)"
463,EP,Toronto District School Board,"c(-79.3847932929072, 43.7010950019854)"
464,EP,Toronto District School Board,"c(-79.5827078548947, 43.656104223852)"
465,EP,Toronto District School Board,"c(-79.3918291306292, 43.7705185087478)"
466,ES,Toronto Catholic District School Board,"c(-79.517657260195, 43.6284092590616)"
467,ES,Toronto Catholic District School Board,"c(-79.6191818734033, 43.7288858667834)"
468,ES,Toronto Catholic District School Board,"c(-79.3406763650031, 43.6899875509537)"
469,ES,Toronto Catholic District School Board,"c(-79.4347122849581, 43.6388275584139)"
470,ES,Toronto Catholic District School Board,"c(-79.3472848350961, 43.6773475019697)"
471,ES,Toronto Catholic District School Board,"c(-79.4140516961036, 43.6849850727211)"
472,ES,Toronto Catholic District School Board,"c(-79.302695673123, 43.7812935995392)"
473,ES,Toronto Catholic District School Board,"c(-79.5172863888663, 43.5973446482043)"
474,EP,Toronto District School Board,"c(-79.4219986112882, 43.657978462827)"
475,EP,Toronto District School Board,"c(-79.4522720930996, 43.650426312651)"
476,PR,None,"c(-79.402759744916, 43.6679626847846)"
477,PR,None,"c(-79.4445207404206, 43.6796913568917)"
478,C,None,"c(-79.5203039257393, 43.596996813344)"
479,C,None,"c(-79.6068398627386, 43.7291665492499)"
480,C,None,"c(-79.4810845355186, 43.618778861116)"
481,C,None,"c(-79.60587202711, 43.728202085158)"
482,EP,Toronto District School Board,"c(-79.564522188693, 43.7505647535485)"
483,EP,Toronto District School Board,"c(-79.5265666084256, 43.6654435061721)"
484,EP,Toronto District School Board,"c(-79.4910553735324, 43.6604526501243)"
485,EP,Toronto District School Board,"c(-79.4706428031364, 43.6599427156923)"
486,PR,None,"c(-79.4749114880043, 43.650861753789)"
487,EP,Toronto District School Board,"c(-79.6191818734033, 43.7288858667834)"
488,EP,Toronto District School Board,"c(-79.4280204516617, 43.6866350930218)"
489,EP,Toronto District School Board,"c(-79.2601219894519, 43.7457122545676)"
490,EP,Toronto District School Board,"c(-79.4024215880623, 43.6705755099718)"
491,ES,Toronto Catholic District School Board,"c(-79.4778216965409, 43.6976801383094)"
492,ES,Toronto Catholic District School Board,"c(-79.2624580005311, 43.696144795195)"
493,PR,None,"c(-79.5042246383967, 43.6230412453667)"
494,EP,Toronto District School Board,"c(-79.4600779001397, 43.6625287329027)"
495,EP,Toronto District School Board,"c(-79.3594007219466, 43.6539752894773)"
496,EP,Toronto District School Board,"c(-79.2923181525917, 43.7794075284367)"
497,PR,None,"c(-79.3342656161374, 43.8040674089564)"
498,PR,None,"c(-79.5239498261081, 43.6856250922006)"
499,EP,Toronto District School Board,"c(-79.2743179577449, 43.7374516240236)"
500,PR,None,"c(-79.2985153766971, 43.6891129560418)"
501,PR,None,"c(-79.4791468321821, 43.6750650785359)"
502,EP,Toronto District School Board,"c(-79.2694408055289, 43.8026801566349)"
503,PR,None,"c(-79.5169267182713, 43.7010230242797)"
504,PR,None,"c(-79.24174923157, 43.7979783592912)"
505,PR,None,"c(-79.2298328214722, 43.8187301827992)"
506,EP,Toronto District School Board,"c(-79.3783881351182, 43.6157002778621)"
507,EP,Toronto District School Board,"c(-79.5279466910799, 43.6474828161727)"
508,EP,Toronto District School Board,"c(-79.3241750662902, 43.7888787686407)"
509,EP,Toronto District School Board,"c(-79.2671279279676, 43.7071912568456)"
510,EP,Toronto District School Board,"c(-79.4363052648149, 43.6949467937453)"
511,EP,Toronto District School Board,"c(-79.186968339472, 43.749688633648)"
512,EP,Toronto District School Board,"c(-79.3539353612732, 43.6806502154921)"
513,PR,None,"c(-79.4058754979902, 43.6696130765179)"
514,ES,Toronto Catholic District School Board,"c(-79.4937985997307, 43.7632895737898)"
515,ES,Toronto Catholic District School Board,"c(-79.4855842504847, 43.6611071189691)"
516,EP,Toronto District School Board,"c(-79.5301917018794, 43.5943542260396)"
517,EP,Toronto District School Board,"c(-79.3777587671164, 43.6660913938656)"
518,EP,Toronto District School Board,"c(-79.3002623454523, 43.7944199052402)"
519,EP,Toronto District School Board,"c(-79.3944968858206, 43.6394568233632)"
520,ES,Toronto Catholic District School Board,"c(-79.2584143683704, 43.7379399270559)"
521,EP,Toronto District School Board,"c(-79.3921392257859, 43.6729826224861)"
522,EP,Toronto District School Board,"c(-79.2490593761566, 43.7141086801971)"
523,EP,Toronto District School Board,"c(-79.3021342614181, 43.7851820434334)"
524,EP,Toronto District School Board,"c(-79.5964455179149, 43.7533579130158)"
525,EP,Toronto District School Board,"c(-79.4944180034274, 43.6118557338467)"
526,EP,Toronto District School Board,"c(-79.3974693799724, 43.7119282510654)"
527,EP,Toronto District School Board,"c(-79.5540087673011, 43.6683053235247)"
528,EP,Toronto District School Board,"c(-79.171869534813, 43.8022950282646)"
529,EP,Toronto District School Board,"c(-79.2398865092258, 43.7440442493865)"
530,EP,Toronto District School Board,"c(-79.439855309525, 43.7178089516362)"
531,EP,Toronto District School Board,"c(-79.4088642991292, 43.7183259803294)"
532,EP,Toronto District School Board,"c(-79.4120566947699, 43.7288686420148)"
533,EP,Toronto District School Board,"c(-79.3395605756216, 43.6772533084015)"
534,EP,Toronto District School Board,"c(-79.1754975507903, 43.7670440318193)"
535,EP,Toronto District School Board,"c(-79.13729821037, 43.785807845353)"
536,ES,Toronto Catholic District School Board,"c(-79.5660253980864, 43.6594751992159)"
537,EP,Toronto District School Board,"c(-79.4637574882499, 43.7097753946106)"
538,EP,Toronto District School Board,"c(-79.3366360566295, 43.6791402347004)"
539,EP,Toronto District School Board,"c(-79.5001456127783, 43.6310527117539)"
540,EP,Toronto District School Board,"c(-79.4615965745208, 43.6575074742763)"
541,EP,Toronto District School Board,"c(-79.4769463100751, 43.6869571004579)"
542,EP,Toronto District School Board,"c(-79.297388587778, 43.8036230145775)"
543,EP,Toronto District School Board,"c(-79.3081805175917, 43.8188359157905)"
544,EP,Toronto District School Board,"c(-79.4057315246338, 43.656397819463)"
545,EP,Toronto District School Board,"c(-79.4400572252658, 43.7795492005875)"
546,EP,Toronto District School Board,"c(-79.3027273153273, 43.6684642406022)"
547,PR,None,"c(-79.3220904093213, 43.6709030436291)"
548,PR,None,"c(-79.3760593471602, 43.6505909714524)"
549,PR,None,"c(-79.2841109499937, 43.7271075876609)"
550,EP,Toronto District School Board,"c(-79.2991278839731, 43.6826199722785)"
551,EP,Toronto District School Board,"c(-79.4074089349881, 43.6582441160701)"
552,EP,Toronto District School Board,"c(-79.4868867512535, 43.6631626964079)"
553,PR,None,"c(-79.4221165959314, 43.7780697274351)"
554,EP,Toronto District School Board,"c(-79.3455302477626, 43.7847819082729)"
555,PR,None,"c(-79.548944102949, 43.6393811176489)"
556,EP,Toronto District School Board,"c(-79.5507891278971, 43.6978666584909)"
557,PR,None,"c(-79.5212307439395, 43.6569348409188)"
558,EP,Toronto District School Board,"c(-79.5623537178777, 43.685288122965)"
559,PR,None,"c(-79.5681302841967, 43.7074421542821)"
560,PR,None,"c(-79.5523043870326, 43.7179013805163)"
561,EP,Toronto District School Board,"c(-79.2497850291991, 43.7452922846894)"
562,PR,None,"c(-79.3547074371296, 43.7474592840348)"
563,EP,Toronto District School Board,"c(-79.5191606370668, 43.6015634242313)"
564,ES,Toronto Catholic District School Board,"c(-79.4853380484988, 43.619566533109)"
565,EP,Toronto District School Board,"c(-79.5028244891368, 43.7536543018276)"
566,EP,Toronto District School Board,"c(-79.5093148073344, 43.6586572209274)"
567,EP,Toronto District School Board,"c(-79.4983074871366, 43.6675759817237)"
568,EP,Toronto District School Board,"c(-79.3180737471701, 43.80291776814)"
569,EP,Toronto District School Board,"c(-79.5447921850042, 43.6095014861413)"
570,PR,None,"c(-79.3514531391243, 43.7622199228141)"
571,EP,Toronto District School Board,"c(-79.4510772508882, 43.7208322543823)"
572,EP,Toronto District School Board,"c(-79.4104390774942, 43.7222227051645)"
573,EP,Toronto District School Board,"c(-79.3725387473782, 43.7110428289168)"
574,EP,Toronto District School Board,"c(-79.4271823065033, 43.7274253087965)"
575,PR,None,"c(-79.4329480383653, 43.6922867379928)"
576,PR,None,"c(-79.5194735178589, 43.6801476371998)"
577,EP,Toronto District School Board,"c(-79.3577389782403, 43.7808296263161)"
578,EP,Toronto District School Board,"c(-79.3324077238987, 43.6673207679123)"
579,EP,Toronto District School Board,"c(-79.2258580493407, 43.8033727841338)"
580,EP,Toronto District School Board,"c(-79.3874623162842, 43.7923194425359)"
581,PR,None,"c(-79.3647409261097, 43.6550201109798)"
582,EP,Toronto District School Board,"c(-79.4103985022169, 43.7978213696628)"
583,PR,None,"c(-79.416045335452, 43.760125217764)"
584,PR,None,"c(-79.4153540907639, 43.7603227430533)"
585,EP,Toronto District School Board,"c(-79.3669550617347, 43.6608245373338)"
586,EP,Toronto District School Board,"c(-79.401909850979, 43.6589530395299)"
587,EP,Toronto District School Board,"c(-79.2636373332983, 43.7413177791394)"
588,ES,Toronto Catholic District School Board,"c(-79.4110818263627, 43.7412253212478)"
589,ES,Toronto Catholic District School Board,"c(-79.4432469521811, 43.6757367136645)"
590,PR,None,"c(-79.3356854771953, 43.803648692891)"
591,EP,Toronto District School Board,"c(-79.2093657180027, 43.7969167927449)"
592,EP,Toronto District School Board,"c(-79.4601799672306, 43.6646326067736)"
593,PR,None,"c(-79.4488750654069, 43.6935935696857)"
594,EP,Toronto District School Board,"c(-79.300660254809, 43.7766766424049)"
595,EP,Toronto District School Board,"c(-79.2913478664802, 43.7965807575644)"
596,PR,None,"c(-79.2558617025306, 43.7733999344778)"
597,PR,None,"c(-79.3514531391243, 43.7622199228141)"
598,EP,Toronto District School Board,"c(-79.2674700420568, 43.821788456337)"
599,PR,None,"c(-79.3360711684188, 43.6804086381552)"
600,PR,None,"c(-79.2474745695599, 43.778653564103)"
601,PR,None,"c(-79.250110001496, 43.7777434980036)"
602,PR,None,"c(-79.2479108579576, 43.7782059906721)"
603,ES,Toronto Catholic District School Board,"c(-79.4774829361901, 43.729416395539)"
604,PR,None,"c(-79.5786367526229, 43.7052672727061)"
605,PR,None,"c(-79.4312221027659, 43.7385452577011)"
606,EP,Toronto District School Board,"c(-79.2929363196488, 43.6829141496984)"
607,EP,Toronto District School Board,"c(-79.2332519441342, 43.7978394610251)"
608,PR,None,"c(-79.2177894185251, 43.8072429487809)"
609,EP,Toronto District School Board,"c(-79.2953011186665, 43.7533540031688)"
610,PR,None,"c(-79.3911624302985, 43.7116041441036)"
611,PR,None,"c(-79.2879056183859, 43.7836906701136)"
612,EP,Toronto District School Board,"c(-79.490275221205, 43.7148506431932)"
613,EP,Toronto District School Board,"c(-79.1948946345862, 43.7588978527975)"
614,EP,Toronto District School Board,"c(-79.3349679464078, 43.7089756853719)"
615,PR,None,"c(-79.3630591104427, 43.7173787969913)"
616,PR,None,"c(-79.2204196021519, 43.7603212832081)"
617,EP,Toronto District School Board,"c(-79.3647413959783, 43.6498503802646)"
618,PR,None,"c(-79.3123750699993, 43.7775196027569)"
619,ES,Toronto Catholic District School Board,"c(-79.4097351629606, 43.7076002456651)"
620,EP,Toronto District School Board,"c(-79.5607396403649, 43.6733827722511)"
621,PR,None,"c(-79.4414399434733, 43.6392854032575)"
622,EP,Toronto District School Board,"c(-79.2183240428671, 43.8143956979563)"
623,ES,Toronto Catholic District School Board,"c(-79.3039400656995, 43.8157534238129)"
624,ES,Toronto Catholic District School Board,"c(-79.3241164541271, 43.7918372535513)"
625,EP,Toronto District School Board,"c(-79.307836183235, 43.754822068202)"
626,EP,Toronto District School Board,"c(-79.2256545935691, 43.7390564379521)"
627,PR,None,"c(-79.4940174471407, 43.779640021511)"
628,EP,Toronto District School Board,"c(-79.3776790176605, 43.7048143191022)"
629,PR,None,"c(-79.3334180682278, 43.8037726233403)"
630,PR,None,"c(-79.388995216946, 43.6741032299172)"
631,PR,None,"c(-79.4147649799802, 43.7685488622026)"
632,EP,Toronto District School Board,"c(-79.411056249547, 43.7741078589817)"
633,EP,Toronto District School Board,"c(-79.4310619546751, 43.6780763704772)"
634,EP,Toronto District School Board,"c(-79.358084392574, 43.7989816726444)"
635,EP,Toronto District School Board,"c(-79.1640681823792, 43.7955110107972)"
636,EP,Toronto District School Board,"c(-79.5948425834357, 43.7381347518027)"
637,PR,None,"c(-79.3548698162044, 43.7466801118087)"
638,PR,None,"c(-79.3466830289955, 43.7454129178027)"
639,PR,None,"c(-79.414957386055, 43.7943828835045)"
640,PR,None,"c(-79.3183007808536, 43.724011044755)"
641,ES,Toronto Catholic District School Board,"c(-79.5819840831399, 43.6592899896851)"
642,ES,Toronto Catholic District School Board,"c(-79.2893531869412, 43.8074335011916)"
643,EP,Toronto District School Board,"c(-79.1971169704309, 43.7891154918287)"
644,EP,Toronto District School Board,"c(-79.5869715708541, 43.6441893872147)"
645,EP,Toronto District School Board,"c(-79.2884969457851, 43.8165865457748)"
646,EP,Toronto District School Board,"c(-79.5769148190181, 43.6334096401878)"
647,EP,Toronto District School Board,"c(-79.3267091236923, 43.7472020481689)"
648,EP,Toronto District School Board,"c(-79.4966462297214, 43.6130763326375)"
649,PR,None,"c(-79.5376085288678, 43.6410805752457)"
650,EP,Toronto District School Board,"c(-79.3227718925618, 43.6792807307855)"
651,FS,Conseil scolaire de district catholique Centre-Sud,"c(-79.4236071352384, 43.7866244564501)"
652,ES,Toronto Catholic District School Board,"c(-79.3368020983138, 43.7966139259622)"
653,ES,Toronto Catholic District School Board,"c(-79.4137512495481, 43.6672550541736)"
654,ES,Toronto Catholic District School Board,"c(-79.3769589372981, 43.6697491633956)"
655,ES,Toronto Catholic District School Board,"c(-79.2857174919641, 43.8010691646555)"
656,ES,Toronto Catholic District School Board,"c(-79.2857174919641, 43.8010691646555)"
657,ES,Toronto Catholic District School Board,"c(-79.399960754018, 43.7065950023056)"
658,ES,Toronto Catholic District School Board,"c(-79.5270429515191, 43.7578095274804)"
659,ES,Toronto Catholic District School Board,"c(-79.3644258453696, 43.6671745214295)"
660,ES,Toronto Catholic District School Board,"c(-79.6050136936641, 43.7515700507883)"
661,ES,Toronto Catholic District School Board,"c(-79.5720168856081, 43.7206946675157)"
662,PR,None,"c(-79.3575714495209, 43.6731667603806)"
663,PR,None,"c(-79.4398398274914, 43.7492508686707)"
664,EP,Toronto District School Board,"c(-79.4188437208257, 43.6586815852248)"
665,EP,Toronto District School Board,"c(-79.1792700314566, 43.7931879168947)"
666,EP,Toronto District School Board,"c(-79.3401666940738, 43.6601669225421)"
667,ES,Toronto Catholic District School Board,"c(-79.5860339131245, 43.6636644387222)"
668,EP,Toronto District School Board,"c(-79.4898113825241, 43.6635322654948)"
669,EP,Toronto District School Board,"c(-79.3374501774332, 43.7788840209192)"
670,PR,None,"c(-79.3775832929039, 43.663598141657)"
671,EP,Toronto District School Board,"c(-79.3791781653545, 43.6636084257427)"
672,EP,Toronto District School Board,"c(-79.1969914784391, 43.7470335031665)"
673,ES,Toronto Catholic District School Board,"c(-79.575506466774, 43.6534070908518)"
674,ES,Toronto Catholic District School Board,"c(-79.2828981618609, 43.6792997723282)"
675,EP,Toronto District School Board,"c(-79.3605527757157, 43.6582511901491)"
676,PR,None,"c(-79.5333845640262, 43.5936335552901)"
677,PR,None,"c(-79.2448446014296, 43.7745350940689)"
678,PR,None,"c(-79.5336104773711, 43.6111896759132)"
679,PR,None,"c(-79.3760168994274, 43.6504652934404)"
680,EP,Toronto District School Board,"c(-79.4262425900561, 43.7935491354672)"
681,EP,Toronto District School Board,"c(-79.4082529250071, 43.6439374594858)"
682,PR,None,"c(-79.5582630205465, 43.744521608379)"
683,PR,None,"c(-79.4154068585581, 43.7806289558434)"
684,PR,None,"c(-79.5640415819901, 43.7126235590118)"
685,EP,Toronto District School Board,"c(-79.2577951258558, 43.7190391303319)"
686,EP,Toronto District School Board,"c(-79.3496061486394, 43.7399524524339)"
687,EP,Toronto District School Board,"c(-79.5163297488864, 43.6343052597247)"
688,EP,Toronto District School Board,"c(-79.2762127949402, 43.7964537061583)"
689,EP,Toronto District School Board,"c(-79.5851427788123, 43.7471415695057)"
690,EP,Toronto District School Board,"c(-79.2478021030816, 43.7705721088236)"
691,EP,Toronto District School Board,"c(-79.3185870835038, 43.788916355463)"
692,EP,Toronto District School Board,"c(-79.349385410988, 43.7824288154923)"
693,EP,Toronto District School Board,"c(-79.5844719859096, 43.7520919012962)"
694,EP,Toronto District School Board,"c(-79.4203748853603, 43.7057655831012)"
695,PR,None,"c(-79.3367506936917, 43.7734330101075)"
696,EP,Toronto District School Board,"c(-79.3966000753378, 43.7098067339604)"
697,EP,Toronto District School Board,"c(-79.4411616324684, 43.784556440757)"
698,EP,Toronto District School Board,"c(-79.3783925771831, 43.7683164393716)"
699,EP,Toronto District School Board,"c(-79.3901642998392, 43.7105370975811)"
700,EP,Toronto District School Board,"c(-79.3696628900613, 43.7144436649986)"
701,PR,None,"c(-79.3499322133745, 43.7477223222724)"
702,EP,Toronto District School Board,"c(-79.4461177069985, 43.7738827738809)"
703,EP,Toronto District School Board,"c(-79.3066687042731, 43.676279047019)"
704,ES,Toronto Catholic District School Board,"c(-79.2931313771107, 43.6806857787975)"
705,FS,Conseil scolaire de district catholique Centre-Sud,"c(-79.5598091719247, 43.6792638342705)"
706,PR,None,"c(-79.4998646876554, 43.61902210479)"
707,EP,Toronto District School Board,"c(-79.5119920580985, 43.7474650745775)"
708,EP,Toronto District School Board,"c(-79.2815887508899, 43.6954675997844)"
709,EP,Toronto District School Board,"c(-79.4363790055539, 43.6786558887327)"
710,PR,None,"c(-79.4398412899027, 43.6910539306298)"
711,EP,Toronto District School Board,"c(-79.3982225847432, 43.6457220331711)"
712,U,None,"c(-79.3909129640243, 43.6524633700801)"
713,U,None,"c(-79.3910771987989, 43.6539177497683)"
714,U,None,"c(-79.3900624572398, 43.6515933301785)"
715,U,None,"c(-79.3912049793858, 43.6530033697216)"
716,U,None,"c(-79.3911552491293, 43.6540223298403)"
717,U,None,"c(-79.3901495341339, 43.6518576127575)"
718,U,None,"c(-79.3901433056414, 43.653472351184)"
719,EP,Toronto District School Board,"c(-79.304152132862, 43.7165073254377)"
720,EP,Toronto District School Board,"c(-79.395126856022, 43.6500136150807)"
721,PR,None,"c(-79.5448717545436, 43.6500467208584)"
722,PR,None,"c(-79.3392782442758, 43.725002565788)"
723,PR,None,"c(-79.3252164120635, 43.774082570705)"
724,PR,None,"c(-79.3960778235993, 43.7069069156029)"
725,PR,None,"c(-79.3247855638345, 43.7707004337905)"
726,PR,None,"c(-79.3903297628128, 43.7515973528757)"
727,EP,Toronto District School Board,"c(-79.3922600824158, 43.6586274865643)"
728,EP,Toronto District School Board,"c(-79.4096932774579, 43.7025715516779)"
729,EP,Toronto District School Board,"c(-79.4225997592765, 43.6527076700775)"
730,ES,Toronto Catholic District School Board,"c(-79.2936158401158, 43.7101599387009)"
731,ES,Toronto Catholic District School Board,"c(-79.275044466151, 43.8124790853726)"
732,ES,Toronto Catholic District School Board,"c(-79.3533482302606, 43.7898742436904)"
733,ES,Toronto Catholic District School Board,"c(-79.3746955627633, 43.6660434935425)"
734,ES,Toronto Catholic District School Board,"c(-79.54107815468, 43.6465122489888)"
735,ES,Toronto Catholic District School Board,"c(-79.3834646497375, 43.687105081373)"
736,ES,Toronto Catholic District School Board,"c(-79.5189670333434, 43.6482193681748)"
737,ES,Toronto Catholic District School Board,"c(-79.4316993861152, 43.7163703521353)"
738,ES,Toronto Catholic District School Board,"c(-79.4898300918393, 43.6836610022383)"
739,ES,Toronto Catholic District School Board,"c(-79.3083463663182, 43.7619465822385)"
740,EP,Toronto District School Board,"c(-79.3484836114523, 43.73179772358)"
741,EP,Toronto District School Board,"c(-79.3516723795906, 43.7036208897604)"
742,EP,Toronto District School Board,"c(-79.3925162004247, 43.7490561850855)"
743,PR,None,"c(-79.4130125710801, 43.7716700753423)"
744,PR,None,"c(-79.3327116127359, 43.7732105926064)"
745,PR,None,"c(-79.4908558223165, 43.7131715599365)"
746,EP,Toronto District School Board,"c(-79.4152049534391, 43.6681449064113)"
747,EP,Toronto District School Board,"c(-79.3418936177203, 43.670351887554)"
748,EP,Toronto District School Board,"c(-79.3668200605055, 43.7289236202676)"
749,EP,Toronto District School Board,"c(-79.4964469164461, 43.6377066076306)"
750,ES,Toronto Catholic District School Board,"c(-79.4526501183165, 43.6555487280857)"
751,EP,Toronto District School Board,"c(-79.4360685050841, 43.6396575139163)"
752,EP,Toronto District School Board,"c(-79.4367985750645, 43.6431872870807)"
753,EP,Toronto District School Board,"c(-79.5697578514709, 43.6822877769246)"
754,EP,Toronto District School Board,"c(-79.3163183865433, 43.6994434678363)"
755,EP,Toronto District School Board,"c(-79.313002607885, 43.7673772800379)"
756,PR,None,"c(-79.4040622529608, 43.666206580872)"
757,EP,Toronto District School Board,"c(-79.3035712981415, 43.7851298582651)"
758,EP,Toronto District School Board,"c(-79.4391436705617, 43.6624891075822)"
759,EP,Toronto District School Board,"c(-79.5181161605692, 43.7120567278162)"
760,EP,Toronto District School Board,"c(-79.2656585281205, 43.8126668817723)"
761,FS,Conseil scolaire de district catholique Centre-Sud,"c(-79.24070575989, 43.7388885327578)"
762,EP,Toronto District School Board,"c(-79.4524196858968, 43.6628313614165)"
763,PR,None,"c(-79.4035136917991, 43.7316256868857)"
764,PR,None,"c(-79.4936820745085, 43.6129864450894)"
765,EP,Toronto District School Board,"c(-79.4921243121893, 43.7250745328027)"
766,EP,Toronto District School Board,"c(-79.3745155238261, 43.7964177776079)"
767,EP,Toronto District School Board,"c(-79.4345576870743, 43.7899554182757)"
768,EP,Toronto District School Board,"c(-79.3339032144143, 43.7874877559234)"
769,PR,None,"c(-79.3753373121749, 43.7052280891311)"
770,ES,Toronto Catholic District School Board,"c(-79.4210161849604, 43.6516313656822)"
771,EP,Toronto District School Board,"c(-79.1872408418527, 43.7537306281654)"
772,EP,Toronto District School Board,"c(-79.2899667499679, 43.8246324049807)"
773,EP,Toronto District School Board,"c(-79.5097668839041, 43.6922961842952)"
774,ES,Toronto Catholic District School Board,"c(-79.3022374245071, 43.7393564303003)"
775,EP,Toronto District School Board,"c(-79.3171939752515, 43.7055433445086)"
776,ES,Toronto Catholic District School Board,"c(-79.2789443071917, 43.8253890671487)"
777,EP,Toronto District School Board,"c(-79.5590577552409, 43.6712220300167)"
778,ES,Toronto Catholic District School Board,"c(-79.3368020983138, 43.7966139259622)"
779,PR,None,"c(-79.3288850384456, 43.7870317450687)"
780,EP,Toronto District School Board,"c(-79.3500911323149, 43.6616429603441)"
781,EP,Toronto District School Board,"c(-79.435320697841, 43.6365094905393)"
782,PR,None,"c(-79.3322488674553, 43.7721013757365)"
783,PR,None,"c(-79.6023618930539, 43.6511972298425)"
784,PR,None,"c(-79.33882932977, 43.8079510484941)"
785,EP,Toronto District School Board,"c(-79.3521296600971, 43.670460460892)"
786,EP,Toronto District School Board,"c(-79.2374500349757, 43.7226223410982)"
787,EP,Toronto District School Board,"c(-79.3271357421257, 43.6899952579101)"
788,EP,Toronto District School Board,"c(-79.4265104765386, 43.7834853825344)"
789,EP,Toronto District School Board,"c(-79.3232914375889, 43.7524580000985)"
790,EP,Toronto District School Board,"c(-79.4400434190871, 43.6839770688827)"
791,EP,Toronto District School Board,"c(-79.4400632870577, 43.6737751677408)"
792,EP,Toronto District School Board,"c(-79.2891326348503, 43.7070156248448)"
793,ES,Toronto Catholic District School Board,"c(-79.4593958766171, 43.7099198210096)"
794,EP,Toronto District School Board,"c(-79.3401430648432, 43.7619030433066)"
795,EP,Toronto District School Board,"c(-79.5665521913805, 43.7193132274678)"
796,EP,Toronto District School Board,"c(-79.5395009465865, 43.6786465333719)"
797,EP,Toronto District School Board,"c(-79.3601204660189, 43.7409048373993)"
798,EP,Toronto District School Board,"c(-79.5695177435715, 43.729716180075)"
799,EP,Toronto District School Board,"c(-79.3348598191726, 43.6700476981757)"
800,EP,Toronto District School Board,"c(-79.2511781787807, 43.7290251523698)"
801,EP,Toronto District School Board,"c(-79.4888938172078, 43.6738651424808)"
802,EP,Toronto District School Board,"c(-79.4524414110058, 43.7858005190036)"
803,EP,Toronto District School Board,"c(-79.3230764862029, 43.6738732738778)"
804,EP,Toronto District School Board,"c(-79.3660007150713, 43.6998541229578)"
805,EP,Toronto District School Board,"c(-79.3727880966405, 43.6703164704159)"
806,PR,None,"c(-79.3923942727036, 43.6687534267963)"
807,EP,Toronto District School Board,"c(-79.3660163370219, 43.6739396616654)"
808,EP,Toronto District School Board,"c(-79.38168602675, 43.6776557315322)"
809,EP,Toronto District School Board,"c(-79.4990610012849, 43.6812267942846)"
810,EP,Toronto District School Board,"c(-79.5394518624762, 43.6601566099814)"
811,PR,None,"c(-79.1841251741149, 43.7871320727423)"
812,EP,Toronto District School Board,"c(-79.1512873936937, 43.7993862553854)"
813,PR,None,"c(-79.3960588161982, 43.6678563063296)"
814,PR,None,"c(-79.2760182592632, 43.8064621918666)"
815,PR,None,"c(-79.4106538750655, 43.6695442344191)"
816,PR,None,"c(-79.4105213296825, 43.6696420562186)"
817,PR,None,"c(-79.4102575107428, 43.6689998744924)"
818,EP,Toronto District School Board,"c(-79.3217731783625, 43.7647240733216)"
819,EP,Toronto District School Board,"c(-79.4898113825241, 43.6635322654948)"
820,EP,Toronto District School Board,"c(-79.4774817133393, 43.6559293055801)"
821,EP,Toronto District School Board,"c(-79.4023797268448, 43.6512817054496)"
822,U,None,"c(-79.3804798260292, 43.6577656354656)"
823,FS,Conseil scolaire de district catholique Centre-Sud,"c(-79.4242134066346, 43.667857556286)"
824,ES,Toronto Catholic District School Board,"c(-79.2201440043568, 43.8121839993684)"
825,FS,Conseil scolaire de district catholique Centre-Sud,"c(-79.4412354246502, 43.6523836303418)"
826,PR,None,"c(-79.2660025416168, 43.7308876997041)"
827,EP,Toronto District School Board,"c(-79.2834799574648, 43.6950056241564)"
828,ES,Toronto Catholic District School Board,"c(-79.477451584347, 43.681541969503)"
829,EP,Toronto District School Board,"c(-79.2872695164287, 43.7165934572119)"
830,PR,None,"c(-79.2963726971157, 43.7615025698396)"
831,EP,Toronto District School Board,"c(-79.2565866863318, 43.7283605174473)"
832,EP,Toronto District School Board,"c(-79.2220717938636, 43.7441193622963)"
833,EP,Toronto District School Board,"c(-79.5463909750587, 43.7016350249789)"
834,EP,Toronto District School Board,"c(-79.3227718925618, 43.6792807307855)"
835,EP,Toronto District School Board,"c(-79.5000229034999, 43.6037250776607)"
836,EP,Toronto District School Board,"c(-79.3018312433153, 43.6923788956395)"
837,EP,Toronto District School Board,"c(-79.3503749917097, 43.6622721119517)"
838,PR,None,"c(-79.320584548426, 43.7384655983024)"
839,EP,Toronto District School Board,"c(-79.3063259433172, 43.7084396528702)"
840,ES,Toronto Catholic District School Board,"c(-79.3173685458626, 43.7508272676387)"
841,C,None,"c(-79.3489876442641, 43.7957808076358)"
842,C,None,"c(-79.49885427876, 43.7712748959766)"
843,C,None,"c(-79.5194393493309, 43.758498548546)"
844,PR,None,"c(-79.3466830289955, 43.7454129178027)"
845,EP,Toronto District School Board,"c(-79.3502969872857, 43.7908704223355)"
846,EP,Toronto District School Board,"c(-79.582545826113, 43.650933953139)"
847,EP,Toronto District School Board,"c(-79.5041938387474, 43.5999243685511)"
848,EP,Toronto District School Board,"c(-79.3516008694888, 43.7702840439533)"
849,EP,Toronto District School Board,"c(-79.4882606578029, 43.7454243556118)"
850,EP,Toronto District School Board,"c(-79.4367221725004, 43.6485242370315)"
851,PR,None,"c(-79.4244897594598, 43.7010218939946)"
852,EP,Toronto District School Board,"c(-79.5173879692824, 43.7687995439219)"
853,PR,None,"c(-79.3528039776317, 43.7622578372184)"
854,PR,None,"c(-79.3787717173963, 43.7681539208865)"
855,EP,Toronto District School Board,"c(-79.3023769660098, 43.8044295089524)"
856,EP,Toronto District School Board,"c(-79.5803885455116, 43.6378359132721)"
857,EP,Toronto District School Board,"c(-79.4694151111639, 43.6872494240615)"
858,PR,None,"c(-79.2517592259259, 43.7540145221547)"
859,EP,Toronto District School Board,"c(-79.5482756661428, 43.6017812323731)"
860,EP,Toronto District School Board,"c(-79.2731724486555, 43.7893650361485)"
861,EP,Toronto District School Board,"c(-79.3286382346771, 43.8066383253939)"
862,EP,Toronto District School Board,"c(-79.3236705089564, 43.7870773578969)"
863,EP,Toronto District School Board,"c(-79.1422383222644, 43.7793019336713)"
864,EP,Toronto District School Board,"c(-79.3275418257916, 43.8070663083017)"
865,EP,Toronto District School Board,"c(-79.1969914784391, 43.7470335031665)"
866,EP,Toronto District School Board,"c(-79.2874013328849, 43.7975664888386)"
867,EP,Toronto District School Board,"c(-79.3103396611409, 43.7312122256091)"
868,EP,Toronto District School Board,"c(-79.5957518765444, 43.7500111297374)"
869,EP,Toronto District School Board,"c(-79.2565866863318, 43.7283605174473)"
870,EP,Toronto District School Board,"c(-79.436702828382, 43.6910217034241)"
871,EP,Toronto District School Board,"c(-79.3638299150084, 43.6644860052749)"
872,ES,Toronto Catholic District School Board,"c(-79.2296265608002, 43.7235532119492)"
873,ES,Toronto Catholic District School Board,"c(-79.4026042496772, 43.7985754806081)"
874,ES,Toronto Catholic District School Board,"c(-79.309250779354, 43.7975235474846)"
875,ES,Toronto Catholic District School Board,"c(-79.2615107448057, 43.7436410391902)"
876,ES,Toronto Catholic District School Board,"c(-79.4322064448468, 43.6829136856874)"
877,ES,Toronto Catholic District School Board,"c(-79.5501228703137, 43.6083700983071)"
878,ES,Toronto Catholic District School Board,"c(-79.5178611183303, 43.7240233234967)"
879,ES,Toronto Catholic District School Board,"c(-79.5823817817994, 43.7449311405296)"
880,EP,Toronto District School Board,"c(-79.3903297628128, 43.7515973528757)"
881,EP,Toronto District School Board,"c(-79.2547962816571, 43.766645247168)"
882,ES,Toronto Catholic District School Board,"c(-79.5969028425731, 43.7545214979956)"
883,ES,Toronto Catholic District School Board,"c(-79.3715951604766, 43.705394385776)"
884,ES,Toronto Catholic District School Board,"c(-79.4349208399043, 43.6636047930609)"
885,ES,Toronto Catholic District School Board,"c(-79.4298447653191, 43.7770108312538)"
886,ES,Toronto Catholic District School Board,"c(-79.5250642852238, 43.7682365170564)"
887,ES,Toronto Catholic District School Board,"c(-79.2190606152536, 43.7624687290814)"
888,ES,Toronto Catholic District School Board,"c(-79.2285119174515, 43.7972412194214)"
889,ES,Toronto Catholic District School Board,"c(-79.2716069013283, 43.7898721388974)"
890,ES,Toronto Catholic District School Board,"c(-79.5333274754313, 43.7277071830707)"
891,ES,Toronto Catholic District School Board,"c(-79.206547703276, 43.8179789081655)"
892,ES,Toronto Catholic District School Board,"c(-79.5729230452548, 43.7231852513477)"
893,ES,Toronto Catholic District School Board,"c(-79.5000699895207, 43.702525970079)"
894,ES,Toronto Catholic District School Board,"c(-79.3560547955308, 43.7329910988601)"
895,ES,Toronto Catholic District School Board,"c(-79.2198176482125, 43.7405509095453)"
896,ES,Toronto Catholic District School Board,"c(-79.1492505532434, 43.7825469523064)"
897,ES,Toronto Catholic District School Board,"c(-79.3168473888951, 43.6868167648153)"
898,ES,Toronto Catholic District School Board,"c(-79.4270629277561, 43.6732399543957)"
899,ES,Toronto Catholic District School Board,"c(-79.3247390774717, 43.7423352674519)"
900,ES,Toronto Catholic District School Board,"c(-79.474657940229, 43.6607945735038)"
901,ES,Toronto Catholic District School Board,"c(-79.4513506942199, 43.7132818927358)"
902,ES,Toronto Catholic District School Board,"c(-79.5180641246057, 43.7623421281327)"
903,ES,Toronto Catholic District School Board,"c(-79.441551585718, 43.6794114666125)"
904,ES,Toronto Catholic District School Board,"c(-79.5738081912146, 43.6322472865153)"
905,PR,None,"c(-79.4003250668582, 43.7126016230402)"
906,ES,Toronto Catholic District School Board,"c(-79.2118274058293, 43.8061934479288)"
907,ES,Toronto Catholic District School Board,"c(-79.49452430884, 43.7297224090052)"
908,ES,Toronto Catholic District School Board,"c(-79.4444258865575, 43.7069342288817)"
909,ES,Toronto Catholic District School Board,"c(-79.4166279833308, 43.7769535192123)"
910,ES,Toronto Catholic District School Board,"c(-79.5219659420764, 43.6846542136853)"
911,ES,Toronto Catholic District School Board,"c(-79.2899076162567, 43.6729983466905)"
912,ES,Toronto Catholic District School Board,"c(-79.1560238705896, 43.7982843710237)"
913,ES,Toronto Catholic District School Board,"c(-79.5917397330749, 43.7314927043501)"
914,ES,Toronto Catholic District School Board,"c(-79.2842391958233, 43.6934291968288)"
915,ES,Toronto Catholic District School Board,"c(-79.2157156151986, 43.7881110156292)"
916,ES,Toronto Catholic District School Board,"c(-79.4135471740452, 43.7534007337369)"
917,ES,Toronto Catholic District School Board,"c(-79.5574536757453, 43.6351551674958)"
918,ES,Toronto Catholic District School Board,"c(-79.2467058262956, 43.7889512448555)"
919,ES,Toronto Catholic District School Board,"c(-79.537175747205, 43.692580136991)"
920,ES,Toronto Catholic District School Board,"c(-79.4853065043738, 43.7171615273965)"
921,ES,Toronto Catholic District School Board,"c(-79.2070022817085, 43.798413963811)"
922,ES,Toronto Catholic District School Board,"c(-79.5191245071479, 43.7541329146481)"
923,ES,Toronto Catholic District School Board,"c(-79.4146281224284, 43.6561998670143)"
924,ES,Toronto Catholic District School Board,"c(-79.483407061155, 43.7108495114267)"
925,ES,Toronto Catholic District School Board,"c(-79.3909333155871, 43.7690492872661)"
926,ES,Toronto Catholic District School Board,"c(-79.2267274764451, 43.8127036322107)"
927,PR,None,"c(-79.4221165959314, 43.7780697274351)"
928,EP,Toronto District School Board,"c(-79.5417121934287, 43.6726005054962)"
929,ES,Toronto Catholic District School Board,"c(-79.3263798211511, 43.7807132742098)"
930,ES,Toronto Catholic District School Board,"c(-79.5448985655353, 43.6606760663976)"
931,ES,Toronto Catholic District School Board,"c(-79.4361563218923, 43.6520845728443)"
932,ES,Toronto Catholic District School Board,"c(-79.3278303529869, 43.8136943030972)"
933,ES,Toronto Catholic District School Board,"c(-79.2652486874085, 43.8031579712554)"
934,ES,Toronto Catholic District School Board,"c(-79.3219955718918, 43.7623998020414)"
935,ES,Toronto Catholic District School Board,"c(-79.4952075334152, 43.6646903893884)"
936,ES,Toronto Catholic District School Board,"c(-79.5131656491401, 43.7421481635139)"
937,ES,Toronto Catholic District School Board,"c(-79.1740585576179, 43.8022683840224)"
938,FS,Conseil scolaire de district catholique Centre-Sud,"c(-79.2640882627444, 43.8047500213927)"
939,ES,Toronto Catholic District School Board,"c(-79.4888903079609, 43.7488344363176)"
940,ES,Toronto Catholic District School Board,"c(-79.2754113465998, 43.7130080216446)"
941,ES,Toronto Catholic District School Board,"c(-79.4505577405563, 43.688715787105)"
942,ES,Toronto Catholic District School Board,"c(-79.294568672894, 43.6802243802861)"
943,ES,Toronto Catholic District School Board,"c(-79.2404353720764, 43.7147788010578)"
944,ES,Toronto Catholic District School Board,"c(-79.1993630894791, 43.7900759206163)"
945,ES,Toronto Catholic District School Board,"c(-79.5202639895356, 43.7032102333552)"
946,ES,Toronto Catholic District School Board,"c(-79.5539537350338, 43.7380608406619)"
947,ES,Toronto Catholic District School Board,"c(-79.3298478904051, 43.7124539719629)"
948,ES,Toronto Catholic District School Board,"c(-79.5090595341902, 43.5992985583395)"
949,ES,Toronto Catholic District School Board,"c(-79.3318905488989, 43.6658080724709)"
950,ES,Toronto Catholic District School Board,"c(-79.3888646582957, 43.6644368621349)"
951,ES,Toronto Catholic District School Board,"c(-79.3931745580941, 43.7978488469558)"
952,ES,Toronto Catholic District School Board,"c(-79.5392565396502, 43.7404844801824)"
953,ES,Toronto Catholic District School Board,"c(-79.3380515908991, 43.7858197125024)"
954,ES,Toronto Catholic District School Board,"c(-79.3061817661922, 43.7507604549417)"
955,ES,Toronto Catholic District School Board,"c(-79.279920844721, 43.7493063881773)"
956,ES,Toronto Catholic District School Board,"c(-79.4962884514206, 43.6142799913749)"
957,ES,Toronto Catholic District School Board,"c(-79.367340385707, 43.7919518364679)"
958,ES,Toronto Catholic District School Board,"c(-79.5009553836076, 43.6257451246799)"
959,ES,Toronto Catholic District School Board,"c(-79.4514701139127, 43.6628755818843)"
960,FS,Conseil scolaire de district catholique Centre-Sud,"c(-79.3227174245928, 43.762249209041)"
961,ES,Toronto Catholic District School Board,"c(-79.1663503950133, 43.7711329119069)"
962,ES,Toronto Catholic District School Board,"c(-79.5542249529223, 43.6797919363761)"
963,ES,Toronto Catholic District School Board,"c(-79.4417054054556, 43.7286921824032)"
964,ES,Toronto Catholic District School Board,"c(-79.426648415056, 43.7359856885179)"
965,EP,Toronto District School Board,"c(-79.195821221175, 43.7679505557947)"
966,ES,Toronto Catholic District School Board,"c(-79.2850919491127, 43.8082306631027)"
967,FS,Conseil scolaire de district catholique Centre-Sud,"c(-79.5060880634959, 43.6359577030971)"
968,ES,Toronto Catholic District School Board,"c(-79.2659221067688, 43.7298353180624)"
969,ES,Toronto Catholic District School Board,"c(-79.4901975062684, 43.6344998506233)"
970,ES,Toronto Catholic District School Board,"c(-79.502184631375, 43.7409310902)"
971,ES,Toronto Catholic District School Board,"c(-79.1862924598949, 43.7669828897416)"
972,ES,Toronto Catholic District School Board,"c(-79.4321542870877, 43.6577935996839)"
973,ES,Toronto Catholic District School Board,"c(-79.40463496612, 43.6458438060303)"
974,ES,Toronto Catholic District School Board,"c(-79.4402927050095, 43.6721188639003)"
975,ES,Toronto Catholic District School Board,"c(-79.4679721851425, 43.6805852613849)"
976,ES,Toronto Catholic District School Board,"c(-79.3594556324106, 43.7848902249538)"
977,ES,Toronto Catholic District School Board,"c(-79.5539328680624, 43.6978127589357)"
978,ES,Toronto Catholic District School Board,"c(-79.36966974588, 43.6479370958046)"
979,ES,Toronto Catholic District School Board,"c(-79.3696700187742, 43.6468591646679)"
980,FS,Conseil scolaire de district catholique Centre-Sud,"c(-79.1570049889664, 43.7774532793764)"
981,ES,Toronto Catholic District School Board,"c(-79.3780770780339, 43.6550645830878)"
982,ES,Toronto Catholic District School Board,"c(-79.3776872580906, 43.655445733995)"
983,ES,Toronto Catholic District School Board,"c(-79.378123626922, 43.6548028553739)"
984,ES,Toronto Catholic District School Board,"c(-79.3777294123857, 43.6555361616688)"
985,PR,None,"c(-79.4175812301783, 43.6847716857119)"
986,ES,Toronto Catholic District School Board,"c(-79.3976277049175, 43.7101592663982)"
987,ES,Toronto Catholic District School Board,"c(-79.2144834881968, 43.809723237627)"
988,ES,Toronto Catholic District School Board,"c(-79.232893649722, 43.7477332879854)"
989,ES,Toronto Catholic District School Board,"c(-79.4604931991533, 43.6828243738643)"
990,FS,Conseil scolaire de district catholique Centre-Sud,"c(-79.5607609382549, 43.7367756505084)"
991,ES,Toronto Catholic District School Board,"c(-79.4645227876529, 43.7346150367873)"
992,ES,Toronto Catholic District School Board,"c(-79.4810172796167, 43.6803090053029)"
993,ES,Toronto Catholic District School Board,"c(-79.4317032640691, 43.7921112221505)"
994,ES,Toronto Catholic District School Board,"c(-79.3276494865718, 43.6783223029713)"
995,ES,Toronto Catholic District School Board,"c(-79.3617341874579, 43.6554889407822)"
996,ES,Toronto Catholic District School Board,"c(-79.4847133386746, 43.6512772232725)"
997,ES,Toronto Catholic District School Board,"c(-79.4887180636838, 43.7285235857172)"
998,ES,Toronto Catholic District School Board,"c(-79.4270629277561, 43.6732399543957)"
999,ES,Toronto Catholic District School Board,"c(-79.288303124399, 43.819348361547)"
1000,ES,Toronto Catholic District School Board,"c(-79.2399872236293, 43.7683108942917)"
1001,ES,Toronto Catholic District School Board,"c(-79.4564483357855, 43.6661347663831)"
1002,ES,Toronto Catholic District School Board,"c(-79.4441451836565, 43.7496575317948)"
1003,ES,Toronto Catholic District School Board,"c(-79.5667497158539, 43.7537079716592)"
1004,ES,Toronto Catholic District School Board,"c(-79.2405599229096, 43.7574823908581)"
1005,ES,Toronto Catholic District School Board,"c(-79.4399264681495, 43.6627661508689)"
1006,ES,Toronto Catholic District School Board,"c(-79.5329761660784, 43.7188620935778)"
1007,ES,Toronto Catholic District School Board,"c(-79.5544731695422, 43.7220025167093)"
1008,ES,Toronto Catholic District School Board,"c(-79.3022463993111, 43.8053583871689)"
1009,ES,Toronto Catholic District School Board,"c(-79.2424755891945, 43.7156378599317)"
1010,ES,Toronto Catholic District School Board,"c(-79.4457437831478, 43.6958897058391)"
1011,ES,Toronto Catholic District School Board,"c(-79.225165018032, 43.7783913599106)"
1012,ES,Toronto Catholic District School Board,"c(-79.3510382340178, 43.774938652465)"
1013,ES,Toronto Catholic District School Board,"c(-79.1996603997432, 43.7497922144629)"
1014,ES,Toronto Catholic District School Board,"c(-79.2591053694717, 43.769057156297)"
1015,ES,Toronto Catholic District School Board,"c(-79.4479230168876, 43.6468292693933)"
1016,ES,Toronto Catholic District School Board,"c(-79.5025941161419, 43.7600459464136)"
1017,EP,Toronto District School Board,"c(-79.5178270423286, 43.7418311837881)"
1018,EP,Toronto District School Board,"c(-79.3856328580992, 43.8026660882921)"
1019,ES,Toronto Catholic District School Board,"c(-79.4448952342307, 43.6796259814587)"
1020,EP,Toronto District School Board,"c(-79.3021342614181, 43.7851820434334)"
1021,EP,Toronto District School Board,"c(-79.4932050987089, 43.7510558213298)"
1022,EP,Toronto District School Board,"c(-79.3366360566295, 43.6791402347004)"
1023,EP,Toronto District School Board,"c(-79.3957051033565, 43.6557652368658)"
1024,EP,Toronto District School Board,"c(-79.4300369383682, 43.7413217746515)"
1025,PR,None,"c(-79.4870298333676, 43.656329196517)"
1026,EP,Toronto District School Board,"c(-79.3873376052873, 43.7198437625729)"
1027,PR,None,"c(-79.3825991459217, 43.6987652629864)"
1028,EP,Toronto District School Board,"c(-79.5068732423943, 43.6424439892717)"
1029,PR,None,"c(-79.511684551782, 43.7105706652576)"
1030,PR,None,"c(-79.5153111670977, 43.7251462206469)"
1031,EP,Toronto District School Board,"c(-79.4770427530375, 43.6436792914692)"
1032,PR,None,"c(-79.4042682049576, 43.6685294127136)"
1033,PR,None,"c(-79.3789333112516, 43.661784900085)"
1034,PR,None,"c(-79.2361357392269, 43.7765510763775)"
1035,EP,Toronto District School Board,"c(-79.2976616870896, 43.7850716358588)"
1036,PR,None,"c(-79.4781320052367, 43.6510211002056)"
1037,EP,Toronto District School Board,"c(-79.2772877434307, 43.7000377584633)"
1038,PR,None,"c(-79.2365750799133, 43.8015539474172)"
1039,EP,Toronto District School Board,"c(-79.2167270408446, 43.7629070424859)"
1040,EP,Toronto District School Board,"c(-79.313002607885, 43.7673772800379)"
1041,EP,Toronto District School Board,"c(-79.3085727444468, 43.7637829145381)"
1042,EP,Toronto District School Board,"c(-79.3186862950221, 43.8158993563047)"
1043,PR,None,"c(-79.3812515390723, 43.6672228527514)"
1044,PR,None,"c(-79.5320104306346, 43.7491827020018)"
1045,PR,None,"c(-79.457213214767, 43.7618954251163)"
1046,PR,None,"c(-79.3537258057305, 43.6775505519117)"
1047,PR,None,"c(-79.3888654015168, 43.6736918063165)"
1048,ES,Toronto Catholic District School Board,"c(-79.2703314545005, 43.8218114974729)"
1049,PR,None,"c(-79.397065595743, 43.6691990908906)"
1050,PR,None,"c(-79.4055601341427, 43.7335301212173)"
1051,EP,Toronto District School Board,"c(-79.5521137885613, 43.722227297768)"
1052,PR,None,"c(-79.3556598619316, 43.7503219375867)"
1053,PR,None,"c(-79.4636934480173, 43.6641583079402)"
1054,EP,Toronto District School Board,"c(-79.4288472631571, 43.6460212506421)"
1055,EP,Toronto District School Board,"c(-79.4990814534311, 43.6731119433815)"
1056,PR,None,"c(-79.383465150842, 43.7415173887541)"
1057,PR,None,"c(-79.3500036659681, 43.7512794395357)"
1058,PR,None,"c(-79.392712602029, 43.686523829901)"
1059,PR,None,"c(-79.4033800162906, 43.679107408047)"
1060,PR,None,"c(-79.5077586235405, 43.6162376775223)"
1061,PR,None,"c(-79.4283265422402, 43.7609171591948)"
1062,PR,None,"c(-79.4636202523288, 43.7220336957293)"
1063,EP,Toronto District School Board,"c(-79.4741378104814, 43.657050103374)"
1064,PR,None,"c(-79.3975424693632, 43.7013219561131)"
1065,PR,None,"c(-79.3962772745692, 43.7015662169611)"
1066,PR,None,"c(-79.1984756820805, 43.8025781079155)"
1067,PR,None,"c(-79.3850098991417, 43.7284022756173)"
1068,PR,None,"c(-79.3832590176478, 43.7279642648155)"
1069,PR,None,"c(-79.4508482919714, 43.7523395666413)"
1070,PR,None,"c(-79.431434529951, 43.699986532638)"
1071,EP,Toronto District School Board,"c(-79.3971875912132, 43.6357488157646)"
1072,PR,None,"c(-79.3848415539641, 43.6636229485974)"
1073,PR,None,"c(-79.394943024247, 43.6917907885121)"
1074,PR,None,"c(-79.3930651034779, 43.6846008693803)"
1075,EP,Toronto District School Board,"c(-79.5624526489507, 43.7277265566382)"
1076,EP,Toronto District School Board,"c(-79.2261254163676, 43.8242998088678)"
1077,EP,Toronto District School Board,"c(-79.3434367551101, 43.7053900432282)"
1078,PR,None,"c(-79.2431298544695, 43.7797218332614)"
1079,EP,Toronto District School Board,"c(-79.3376043958259, 43.7506806575244)"
1080,PR,None,"c(-79.428727879566, 43.7184091584611)"
1081,EP,Toronto District School Board,"c(-79.307285388876, 43.7914712561725)"
1082,PR,None,"c(-79.5536925816276, 43.7249447361335)"
1083,EP,Toronto District School Board,"c(-79.2316269659623, 43.8104461724402)"
1084,EP,Toronto District School Board,"c(-79.5106588918435, 43.7555851004459)"
1085,PR,None,"c(-79.4416656175102, 43.7628232394043)"
1086,PR,None,"c(-79.4016622430921, 43.7638628672269)"
1087,PR,None,"c(-79.4352979243294, 43.7441315066839)"
1088,PR,None,"c(-79.3388397960404, 43.8035958742046)"
1089,PR,None,"c(-79.3374304406117, 43.8058870474231)"
1090,PR,None,"c(-79.4191481042544, 43.7957058149418)"
1091,PR,None,"c(-79.3865171901038, 43.7006108373258)"
1092,PR,None,"c(-79.4155248190971, 43.7772052097419)"
1093,PR,None,"c(-79.3322488674553, 43.7721013757365)"
1094,EP,Toronto District School Board,"c(-79.3340895606897, 43.6828387343202)"
1095,EP,Toronto District School Board,"c(-79.2560419864483, 43.7852202476163)"
1096,ES,Toronto Catholic District School Board,"c(-79.5628707286001, 43.6915212586818)"
1097,EP,Toronto District School Board,"c(-79.2352659356635, 43.7650332154187)"
1098,EP,Toronto District School Board,"c(-79.5022550959971, 43.7265952806861)"
1099,EP,Toronto District School Board,"c(-79.5199382429952, 43.5979771530563)"
1100,PR,None,"c(-79.3920806110003, 43.7971369281422)"
1101,PR,None,"c(-79.290923866506, 43.7581038671001)"
1102,PR,None,"c(-79.2756569937123, 43.7855293329724)"
1103,PR,None,"c(-79.3160094489366, 43.7764963816495)"
1104,U,None,"c(-79.60587202711, 43.728202085158)"
1105,U,None,"c(-79.1862894812042, 43.7838868574945)"
1106,U,None,"c(-79.3960895108169, 43.6609455296501)"
1107,PR,None,"c(-79.4025227062066, 43.6919471679826)"
1108,PR,None,"c(-79.4043869723624, 43.6908372355295)"
1109,PR,None,"c(-79.4259078953099, 43.7856311374109)"
1110,PR,None,"c(-79.3940035498281, 43.7078976710401)"
1111,EP,Toronto District School Board,"c(-79.4748206948471, 43.6567074123716)"
1112,PR,None,"c(-79.3409680425731, 43.8076738129061)"
1113,EP,Toronto District School Board,"c(-79.3358705226236, 43.7104405907514)"
1114,EP,Toronto District School Board,"c(-79.5384444417594, 43.6942865155451)"
1115,ES,Toronto Catholic District School Board,"c(-79.5793835598587, 43.7564805895832)"
1116,EP,Toronto District School Board,"c(-79.321464421707, 43.7560593384022)"
1117,EP,Toronto District School Board,"c(-79.2981507568545, 43.712689182329)"
1118,ES,Toronto Catholic District School Board,"c(-79.3261021088407, 43.774240118909)"
1119,EP,Toronto District School Board,"c(-79.3776264775773, 43.6510597043384)"
1120,EP,Toronto District School Board,"c(-79.3141820772089, 43.7359594203073)"
1121,PR,None,"c(-79.3599052483689, 43.6500579960732)"
1122,EP,Toronto District School Board,"c(-79.3082862993578, 43.7743422666974)"
1123,PR,None,"c(-79.407066924686, 43.6772326912183)"
1124,PR,None,"c(-79.3054195999763, 43.8231010142956)"
1125,EP,Toronto District School Board,"c(-79.2512456866976, 43.7334561275574)"
1126,EP,Toronto District School Board,"c(-79.4994375141874, 43.6628427653687)"
1127,EP,Toronto District School Board,"c(-79.4994375141874, 43.6628427653687)"
1128,PR,None,"c(-79.3528039776317, 43.7622578372184)"
1129,EP,Toronto District School Board,"c(-79.5462529112722, 43.6453169519903)"
1130,EP,Toronto District School Board,"c(-79.5767187454201, 43.6566373465707)"
1131,EP,Toronto District School Board,"c(-79.4198340161091, 43.6624299848934)"
1132,EP,Toronto District School Board,"c(-79.5608016240727, 43.6504713423926)"
1133,EP,Toronto District School Board,"c(-79.1905875661913, 43.7756684257862)"
1134,EP,Toronto District School Board,"c(-79.1868844429518, 43.7726796050533)"
1135,EP,Toronto District School Board,"c(-79.5867053925528, 43.7309224004354)"
1136,EP,Toronto District School Board,"c(-79.5807026757453, 43.7237549779012)"
1137,EP,Toronto District School Board,"c(-79.4329440583326, 43.7026161891079)"
1138,EP,Toronto District School Board,"c(-79.1337159199136, 43.7956184194221)"
1139,EP,Toronto District School Board,"c(-79.4745815146538, 43.6570914920911)"
1140,PR,None,"c(-79.4518463936452, 43.6522281973273)"
1141,EP,Toronto District School Board,"c(-79.519659304979, 43.6890961288899)"
1142,EP,Toronto District School Board,"c(-79.5094217518773, 43.7038163110412)"
1143,EP,Toronto District School Board,"c(-79.509329936238, 43.7059781458169)"
1144,PR,None,"c(-79.4038394278911, 43.6564497385304)"
1145,EP,Toronto District School Board,"c(-79.5250905310153, 43.7523976347813)"
1146,EP,Toronto District School Board,"c(-79.5489933081465, 43.6908221223255)"
1147,EP,Toronto District School Board,"c(-79.3509795618846, 43.6864953869061)"
1148,EP,Toronto District School Board,"c(-79.3067953750859, 43.7461595742932)"
1149,EP,Toronto District School Board,"c(-79.3041148885222, 43.7401530486018)"
1150,EP,Toronto District School Board,"c(-79.2472058211989, 43.7872721001055)"
1151,PR,None,"c(-79.2296124630158, 43.8163254158006)"
1152,PR,None,"c(-79.2288599679618, 43.8164562371549)"
1153,EP,Toronto District School Board,"c(-79.3783972733833, 43.6871603367392)"
1154,EP,Toronto District School Board,"c(-79.3374832389852, 43.6820416289563)"
1155,PR,None,"c(-79.3365737852621, 43.8080424111396)"
1156,EP,Toronto District School Board,"c(-79.348157720646, 43.6919277284887)"
1157,EP,Toronto District School Board,"c(-79.1344743650252, 43.7850464257848)"
1158,EP,Toronto District School Board,"c(-79.1650340052142, 43.7685135568036)"
1159,EP,Toronto District School Board,"c(-79.2989833380474, 43.6906318395424)"
1160,EP,Toronto District School Board,"c(-79.4618941625427, 43.753470958116)"
1161,EP,Toronto District School Board,"c(-79.2974698038611, 43.6745110572076)"
1162,EP,Toronto District School Board,"c(-79.2095785361357, 43.7611980953357)"
1163,PR,None,"c(-79.4248854064165, 43.7863397243401)"
1164,EP,Toronto District School Board,"c(-79.4260889839917, 43.7697752168173)"
1165,PR,None,"c(-79.3534844661428, 43.748381228606)"
1166,EP,Toronto District School Board,"c(-79.4604980247184, 43.7685583806317)"
1167,EP,Toronto District School Board,"c(-79.3708962772997, 43.6663306750224)"
1168,EP,Toronto District School Board,"c(-79.3705792903782, 43.7561115796205)"
1169,EP,Toronto District School Board,"c(-79.4308587867559, 43.6770020664784)"
1170,EP,Toronto District School Board,"c(-79.2783774186933, 43.7480914839731)"
1171,PR,None,"c(-79.4288168740933, 43.7197314258844)"
1172,EP,Toronto District School Board,"c(-79.3521296600971, 43.670460460892)"
1173,EP,Toronto District School Board,"c(-79.2284585858987, 43.7781651122844)"
1174,EP,Toronto District School Board,"c(-79.2270016649434, 43.779502795504)"
1175,EP,Toronto District School Board,"c(-79.349385410988, 43.7824288154923)"
1176,PR,None,"c(-79.4228477496678, 43.6818580464283)"
1177,PR,None,"c(-79.4440053399192, 43.7328229093929)"
1178,PR,None,"c(-79.4448408334416, 43.7339454269568)"
1179,PR,None,"c(-79.4356269358583, 43.7176693343951)"
1180,PR,None,"c(-79.427877939254, 43.7194150373911)"
1181,PR,None,"c(-79.4483782516391, 43.7454893435804)"
1182,PR,None,"c(-79.425863935611, 43.7179922890113)"
1183,PR,None,"c(-79.427675726917, 43.718633879948)"
1184,EP,Toronto District School Board,"c(-79.506177459366, 43.6885691951614)"
1185,EP,Toronto District School Board,"c(-79.5313072452115, 43.6896367606048)"
1186,EP,Toronto District School Board,"c(-79.3735238955731, 43.7515290541848)"
1187,U,None,"c(-79.3780603009885, 43.7271679611472)"
1188,U,None,"c(-79.5023381683704, 43.7734100899864)"
1189,EP,Toronto District School Board,"c(-79.4597250980034, 43.7201620650265)"
1190,PR,None,"c(-79.3013419576388, 43.8006150838616)"
1191,EP,Toronto District School Board,"c(-79.4355664221908, 43.7725736106375)"
1192,EP,Toronto District School Board,"c(-79.5138847463308, 43.7506598381465)"
1193,PR,None,"c(-79.232117555141, 43.7766098499215)"
1194,EP,Toronto District School Board,"c(-79.3710972374637, 43.7979149025647)"
